population,Data Zone
916,S01000001
692,S01000002
802,S01000003
627,S01000004
655,S01000005
653,S01000006
828,S01000007
575,S01000008
656,S01000009
511,S01000010
981,S01000011
"1,618",S01000012
873,S01000013
883,S01000014
654,S01000015
535,S01000016
839,S01000017
525,S01000018
719,S01000019
"1,000",S01000020
854,S01000021
715,S01000022
817,S01000023
544,S01000024
913,S01000025
907,S01000026
799,S01000027
928,S01000028
783,S01000029
459,S01000030
973,S01000031
"1,073",S01000032
746,S01000033
"1,399",S01000034
"1,035",S01000035
662,S01000036
716,S01000037
741,S01000038
883,S01000039
925,S01000040
869,S01000041
772,S01000042
891,S01000043
"1,001",S01000044
568,S01000045
913,S01000046
811,S01000047
931,S01000048
775,S01000049
794,S01000050
797,S01000051
663,S01000052
"1,221",S01000053
794,S01000054
808,S01000055
"1,030",S01000056
687,S01000057
799,S01000058
"1,016",S01000059
665,S01000060
989,S01000061
"1,064",S01000062
967,S01000063
624,S01000064
"1,045",S01000065
906,S01000066
"1,069",S01000067
884,S01000068
730,S01000069
684,S01000070
844,S01000071
874,S01000072
619,S01000073
885,S01000074
528,S01000075
713,S01000076
963,S01000077
"1,095",S01000078
"1,448",S01000079
"1,024",S01000080
931,S01000081
"1,014",S01000082
821,S01000083
977,S01000084
627,S01000085
753,S01000086
"1,208",S01000087
876,S01000088
947,S01000089
823,S01000090
"1,113",S01000091
954,S01000092
765,S01000093
702,S01000094
779,S01000095
730,S01000096
"1,056",S01000097
"1,349",S01000098
817,S01000099
899,S01000100
883,S01000101
843,S01000102
652,S01000103
928,S01000104
841,S01000105
748,S01000106
"1,337",S01000107
842,S01000108
"1,075",S01000109
880,S01000110
811,S01000111
"1,050",S01000112
637,S01000113
838,S01000114
856,S01000115
922,S01000116
"1,003",S01000117
760,S01000118
814,S01000119
576,S01000120
820,S01000121
718,S01000122
779,S01000123
810,S01000124
882,S01000125
"1,026",S01000126
739,S01000127
"1,533",S01000128
582,S01000129
"1,603",S01000130
632,S01000131
791,S01000132
943,S01000133
728,S01000134
747,S01000135
671,S01000136
"1,029",S01000137
"1,163",S01000138
790,S01000139
852,S01000140
774,S01000141
709,S01000142
613,S01000143
722,S01000144
832,S01000145
"1,526",S01000146
"1,064",S01000147
596,S01000148
"1,261",S01000149
629,S01000150
866,S01000151
"1,380",S01000152
"1,037",S01000153
528,S01000154
753,S01000155
841,S01000156
818,S01000157
983,S01000158
"1,006",S01000159
787,S01000160
938,S01000161
841,S01000162
"1,068",S01000163
950,S01000164
914,S01000165
989,S01000166
746,S01000167
990,S01000168
710,S01000169
"1,081",S01000170
"1,156",S01000171
492,S01000172
796,S01000173
988,S01000174
501,S01000175
597,S01000176
557,S01000177
770,S01000178
841,S01000179
659,S01000180
612,S01000181
889,S01000182
"1,139",S01000183
752,S01000184
975,S01000185
949,S01000186
643,S01000187
"1,166",S01000188
627,S01000189
966,S01000190
"1,440",S01000191
750,S01000192
704,S01000193
899,S01000194
710,S01000195
"1,008",S01000196
594,S01000197
855,S01000198
951,S01000199
833,S01000200
665,S01000201
"1,045",S01000202
835,S01000203
584,S01000204
854,S01000205
819,S01000206
965,S01000207
"1,032",S01000208
"1,364",S01000209
681,S01000210
780,S01000211
765,S01000212
735,S01000213
446,S01000214
"1,211",S01000215
662,S01000216
829,S01000217
654,S01000218
872,S01000219
"2,871",S01000220
852,S01000221
745,S01000222
740,S01000223
871,S01000224
573,S01000225
636,S01000226
"1,341",S01000227
898,S01000228
840,S01000229
656,S01000230
688,S01000231
617,S01000232
498,S01000233
676,S01000234
888,S01000235
679,S01000236
880,S01000237
488,S01000238
697,S01000239
616,S01000240
648,S01000241
790,S01000242
675,S01000243
"1,127",S01000244
932,S01000245
686,S01000246
618,S01000247
765,S01000248
621,S01000249
936,S01000250
452,S01000251
786,S01000252
628,S01000253
837,S01000254
557,S01000255
898,S01000256
992,S01000257
600,S01000258
597,S01000259
868,S01000260
890,S01000261
902,S01000262
864,S01000263
920,S01000264
734,S01000265
"1,329",S01000266
710,S01000267
732,S01000268
724,S01000269
"1,040",S01000270
881,S01000271
"1,188",S01000272
589,S01000273
658,S01000274
"1,421",S01000275
802,S01000276
801,S01000277
511,S01000278
956,S01000279
900,S01000280
705,S01000281
829,S01000282
"1,112",S01000283
"1,310",S01000284
762,S01000285
906,S01000286
704,S01000287
796,S01000288
879,S01000289
843,S01000290
919,S01000291
999,S01000292
750,S01000293
649,S01000294
539,S01000295
"1,022",S01000296
756,S01000297
"1,138",S01000298
"1,067",S01000299
824,S01000300
584,S01000301
620,S01000302
648,S01000303
998,S01000304
996,S01000305
"1,008",S01000306
896,S01000307
"1,220",S01000308
"1,212",S01000309
948,S01000310
967,S01000311
529,S01000312
717,S01000313
554,S01000314
632,S01000315
853,S01000316
543,S01000317
569,S01000318
716,S01000319
661,S01000320
602,S01000321
963,S01000322
907,S01000323
836,S01000324
"1,332",S01000325
755,S01000326
781,S01000327
515,S01000328
966,S01000329
"1,545",S01000330
546,S01000331
833,S01000332
"1,046",S01000333
909,S01000334
619,S01000335
"2,309",S01000336
787,S01000337
554,S01000338
"1,108",S01000339
"1,058",S01000340
859,S01000341
653,S01000342
650,S01000343
982,S01000344
628,S01000345
671,S01000346
"1,775",S01000347
724,S01000348
534,S01000349
"1,077",S01000350
884,S01000351
702,S01000352
499,S01000353
"2,249",S01000354
606,S01000355
665,S01000356
558,S01000357
888,S01000358
746,S01000359
526,S01000360
708,S01000361
971,S01000362
"1,193",S01000363
946,S01000364
"2,197",S01000365
"2,135",S01000366
930,S01000367
"1,090",S01000368
932,S01000369
"1,567",S01000370
"1,106",S01000371
"1,016",S01000372
661,S01000373
690,S01000374
604,S01000375
810,S01000376
972,S01000377
545,S01000378
717,S01000379
939,S01000380
"1,634",S01000381
743,S01000382
"1,344",S01000383
691,S01000384
614,S01000385
"1,267",S01000386
839,S01000387
"1,151",S01000388
865,S01000389
802,S01000390
689,S01000391
793,S01000392
789,S01000393
681,S01000394
980,S01000395
883,S01000396
929,S01000397
"3,021",S01000398
643,S01000399
768,S01000400
877,S01000401
759,S01000402
838,S01000403
715,S01000404
642,S01000405
580,S01000406
594,S01000407
630,S01000408
576,S01000409
747,S01000410
700,S01000411
803,S01000412
822,S01000413
736,S01000414
965,S01000415
970,S01000416
"1,006",S01000417
740,S01000418
"1,651",S01000419
"1,369",S01000420
819,S01000421
965,S01000422
"1,122",S01000423
697,S01000424
859,S01000425
831,S01000426
673,S01000427
664,S01000428
875,S01000429
514,S01000430
746,S01000431
845,S01000432
476,S01000433
587,S01000434
513,S01000435
624,S01000436
925,S01000437
617,S01000438
827,S01000439
"1,211",S01000440
892,S01000441
897,S01000442
600,S01000443
"2,622",S01000444
"1,159",S01000445
961,S01000446
795,S01000447
941,S01000448
742,S01000449
530,S01000450
873,S01000451
585,S01000452
603,S01000453
436,S01000454
897,S01000455
"1,228",S01000456
707,S01000457
858,S01000458
"1,040",S01000459
680,S01000460
898,S01000461
"1,049",S01000462
685,S01000463
804,S01000464
668,S01000465
823,S01000466
602,S01000467
530,S01000468
627,S01000469
"1,035",S01000470
859,S01000471
756,S01000472
701,S01000473
663,S01000474
689,S01000475
690,S01000476
643,S01000477
788,S01000478
850,S01000479
737,S01000480
"2,498",S01000481
906,S01000482
929,S01000483
779,S01000484
948,S01000485
"1,064",S01000486
668,S01000487
624,S01000488
928,S01000489
557,S01000490
539,S01000491
955,S01000492
685,S01000493
519,S01000494
855,S01000495
507,S01000496
710,S01000497
491,S01000498
920,S01000499
601,S01000500
561,S01000501
581,S01000502
579,S01000503
751,S01000504
749,S01000505
"1,065",S01000506
"1,032",S01000507
847,S01000508
956,S01000509
663,S01000510
609,S01000511
923,S01000512
882,S01000513
946,S01000514
631,S01000515
903,S01000516
750,S01000517
894,S01000518
588,S01000519
"1,069",S01000520
937,S01000521
649,S01000522
862,S01000523
666,S01000524
"1,010",S01000525
"1,076",S01000526
694,S01000527
848,S01000528
831,S01000529
506,S01000530
563,S01000531
902,S01000532
703,S01000533
784,S01000534
990,S01000535
485,S01000536
"1,191",S01000537
744,S01000538
967,S01000539
696,S01000540
601,S01000541
619,S01000542
805,S01000543
639,S01000544
764,S01000545
900,S01000546
546,S01000547
"1,120",S01000548
"1,215",S01000549
458,S01000550
895,S01000551
526,S01000552
855,S01000553
651,S01000554
834,S01000555
774,S01000556
905,S01000557
528,S01000558
686,S01000559
"1,021",S01000560
"1,087",S01000561
891,S01000562
"1,128",S01000563
945,S01000564
820,S01000565
880,S01000566
828,S01000567
515,S01000568
764,S01000569
874,S01000570
774,S01000571
701,S01000572
541,S01000573
736,S01000574
632,S01000575
535,S01000576
552,S01000577
655,S01000578
853,S01000579
955,S01000580
676,S01000581
628,S01000582
944,S01000583
859,S01000584
"1,253",S01000585
730,S01000586
692,S01000587
540,S01000588
698,S01000589
855,S01000590
828,S01000591
916,S01000592
"1,672",S01000593
"1,325",S01000594
715,S01000595
802,S01000596
950,S01000597
"1,372",S01000598
"1,138",S01000599
786,S01000600
"1,205",S01000601
728,S01000602
"1,040",S01000603
935,S01000604
834,S01000605
832,S01000606
730,S01000607
"1,197",S01000608
997,S01000609
819,S01000610
628,S01000611
"1,052",S01000612
"1,069",S01000613
667,S01000614
830,S01000615
"1,804",S01000616
580,S01000617
836,S01000618
663,S01000619
"1,104",S01000620
"1,092",S01000621
883,S01000622
759,S01000623
603,S01000624
608,S01000625
792,S01000626
828,S01000627
580,S01000628
974,S01000629
710,S01000630
653,S01000631
610,S01000632
548,S01000633
745,S01000634
607,S01000635
525,S01000636
648,S01000637
672,S01000638
574,S01000639
738,S01000640
814,S01000641
991,S01000642
651,S01000643
721,S01000644
974,S01000645
759,S01000646
760,S01000647
883,S01000648
579,S01000649
719,S01000650
843,S01000651
742,S01000652
"1,044",S01000653
899,S01000654
788,S01000655
880,S01000656
819,S01000657
587,S01000658
"1,340",S01000659
"1,060",S01000660
789,S01000661
747,S01000662
779,S01000663
860,S01000664
667,S01000665
497,S01000666
946,S01000667
873,S01000668
798,S01000669
680,S01000670
603,S01000671
820,S01000672
716,S01000673
"1,070",S01000674
676,S01000675
490,S01000676
819,S01000677
850,S01000678
734,S01000679
997,S01000680
985,S01000681
750,S01000682
557,S01000683
726,S01000684
915,S01000685
746,S01000686
801,S01000687
711,S01000688
591,S01000689
"1,025",S01000690
779,S01000691
735,S01000692
"1,066",S01000693
688,S01000694
816,S01000695
769,S01000696
"1,130",S01000697
630,S01000698
620,S01000699
842,S01000700
"1,005",S01000701
501,S01000702
695,S01000703
861,S01000704
"1,128",S01000705
852,S01000706
646,S01000707
591,S01000708
997,S01000709
"1,168",S01000710
496,S01000711
627,S01000712
749,S01000713
986,S01000714
596,S01000715
559,S01000716
882,S01000717
737,S01000718
680,S01000719
739,S01000720
716,S01000721
791,S01000722
474,S01000723
742,S01000724
595,S01000725
734,S01000726
572,S01000727
639,S01000728
486,S01000729
381,S01000730
573,S01000731
535,S01000732
680,S01000733
881,S01000734
448,S01000735
734,S01000736
481,S01000737
435,S01000738
673,S01000739
608,S01000740
826,S01000741
618,S01000742
796,S01000743
676,S01000744
722,S01000745
783,S01000746
547,S01000747
428,S01000748
535,S01000749
676,S01000750
711,S01000751
933,S01000752
553,S01000753
734,S01000754
696,S01000755
"1,043",S01000756
831,S01000757
"1,327",S01000758
981,S01000759
544,S01000760
599,S01000761
611,S01000762
779,S01000763
641,S01000764
773,S01000765
661,S01000766
606,S01000767
749,S01000768
792,S01000769
680,S01000770
905,S01000771
640,S01000772
806,S01000773
762,S01000774
824,S01000775
550,S01000776
354,S01000777
463,S01000778
646,S01000779
814,S01000780
771,S01000781
671,S01000782
424,S01000783
761,S01000784
687,S01000785
753,S01000786
509,S01000787
652,S01000788
674,S01000789
543,S01000790
602,S01000791
675,S01000792
792,S01000793
788,S01000794
876,S01000795
516,S01000796
562,S01000797
514,S01000798
"2,407",S01000799
953,S01000800
678,S01000801
715,S01000802
977,S01000803
910,S01000804
764,S01000805
787,S01000806
798,S01000807
829,S01000808
610,S01000809
867,S01000810
773,S01000811
"1,366",S01000812
775,S01000813
772,S01000814
515,S01000815
545,S01000816
869,S01000817
922,S01000818
857,S01000819
544,S01000820
904,S01000821
529,S01000822
489,S01000823
762,S01000824
758,S01000825
615,S01000826
734,S01000827
992,S01000828
673,S01000829
845,S01000830
839,S01000831
"1,063",S01000832
"1,364",S01000833
983,S01000834
743,S01000835
746,S01000836
927,S01000837
615,S01000838
"1,292",S01000839
667,S01000840
988,S01000841
856,S01000842
945,S01000843
744,S01000844
535,S01000845
663,S01000846
998,S01000847
684,S01000848
510,S01000849
685,S01000850
602,S01000851
712,S01000852
514,S01000853
925,S01000854
730,S01000855
531,S01000856
583,S01000857
921,S01000858
"1,132",S01000859
939,S01000860
628,S01000861
544,S01000862
542,S01000863
"1,184",S01000864
"1,055",S01000865
827,S01000866
877,S01000867
692,S01000868
580,S01000869
890,S01000870
850,S01000871
714,S01000872
"2,919",S01000873
447,S01000874
"1,453",S01000875
667,S01000876
646,S01000877
518,S01000878
950,S01000879
793,S01000880
617,S01000881
837,S01000882
843,S01000883
628,S01000884
480,S01000885
640,S01000886
678,S01000887
655,S01000888
706,S01000889
749,S01000890
923,S01000891
524,S01000892
632,S01000893
545,S01000894
"1,020",S01000895
493,S01000896
675,S01000897
520,S01000898
758,S01000899
617,S01000900
570,S01000901
960,S01000902
"1,008",S01000903
681,S01000904
708,S01000905
531,S01000906
797,S01000907
723,S01000908
913,S01000909
858,S01000910
"1,035",S01000911
660,S01000912
593,S01000913
673,S01000914
909,S01000915
"1,004",S01000916
643,S01000917
526,S01000918
611,S01000919
570,S01000920
644,S01000921
"1,016",S01000922
909,S01000923
783,S01000924
994,S01000925
926,S01000926
897,S01000927
970,S01000928
470,S01000929
606,S01000930
636,S01000931
967,S01000932
972,S01000933
917,S01000934
821,S01000935
884,S01000936
568,S01000937
793,S01000938
730,S01000939
904,S01000940
438,S01000941
"1,042",S01000942
795,S01000943
777,S01000944
741,S01000945
726,S01000946
650,S01000947
839,S01000948
619,S01000949
828,S01000950
715,S01000951
793,S01000952
861,S01000953
"1,102",S01000954
635,S01000955
849,S01000956
508,S01000957
760,S01000958
695,S01000959
549,S01000960
844,S01000961
638,S01000962
795,S01000963
"1,082",S01000964
608,S01000965
"1,082",S01000966
551,S01000967
"1,051",S01000968
907,S01000969
758,S01000970
756,S01000971
917,S01000972
661,S01000973
"1,168",S01000974
647,S01000975
482,S01000976
947,S01000977
814,S01000978
714,S01000979
679,S01000980
708,S01000981
671,S01000982
525,S01000983
672,S01000984
748,S01000985
583,S01000986
568,S01000987
574,S01000988
820,S01000989
951,S01000990
456,S01000991
"1,084",S01000992
809,S01000993
"1,078",S01000994
776,S01000995
"1,098",S01000996
873,S01000997
640,S01000998
637,S01000999
627,S01001000
539,S01001001
622,S01001002
808,S01001003
708,S01001004
872,S01001005
718,S01001006
882,S01001007
683,S01001008
588,S01001009
918,S01001010
595,S01001011
741,S01001012
873,S01001013
846,S01001014
616,S01001015
931,S01001016
815,S01001017
744,S01001018
999,S01001019
539,S01001020
949,S01001021
809,S01001022
969,S01001023
"1,973",S01001024
"1,632",S01001025
885,S01001026
884,S01001027
780,S01001028
720,S01001029
667,S01001030
932,S01001031
688,S01001032
687,S01001033
839,S01001034
526,S01001035
606,S01001036
868,S01001037
945,S01001038
555,S01001039
726,S01001040
798,S01001041
817,S01001042
639,S01001043
910,S01001044
641,S01001045
861,S01001046
846,S01001047
568,S01001048
632,S01001049
925,S01001050
632,S01001051
535,S01001052
779,S01001053
856,S01001054
814,S01001055
700,S01001056
680,S01001057
725,S01001058
618,S01001059
702,S01001060
746,S01001061
568,S01001062
"1,074",S01001063
687,S01001064
737,S01001065
720,S01001066
755,S01001067
861,S01001068
833,S01001069
856,S01001070
694,S01001071
866,S01001072
"1,157",S01001073
511,S01001074
924,S01001075
827,S01001076
872,S01001077
905,S01001078
546,S01001079
733,S01001080
617,S01001081
863,S01001082
731,S01001083
"1,004",S01001084
830,S01001085
691,S01001086
470,S01001087
"1,018",S01001088
948,S01001089
899,S01001090
608,S01001091
"1,052",S01001092
905,S01001093
873,S01001094
"1,284",S01001095
"1,011",S01001096
666,S01001097
936,S01001098
"1,479",S01001099
"1,030",S01001100
"1,229",S01001101
604,S01001102
722,S01001103
792,S01001104
762,S01001105
"1,170",S01001106
"1,013",S01001107
"1,800",S01001108
"2,455",S01001109
842,S01001110
"1,075",S01001111
841,S01001112
972,S01001113
917,S01001114
733,S01001115
473,S01001116
579,S01001117
515,S01001118
"1,000",S01001119
668,S01001120
687,S01001121
746,S01001122
"1,001",S01001123
628,S01001124
371,S01001125
836,S01001126
835,S01001127
630,S01001128
941,S01001129
740,S01001130
482,S01001131
713,S01001132
"1,142",S01001133
893,S01001134
333,S01001135
"1,187",S01001136
964,S01001137
"1,516",S01001138
762,S01001139
973,S01001140
493,S01001141
903,S01001142
843,S01001143
632,S01001144
578,S01001145
795,S01001146
731,S01001147
722,S01001148
643,S01001149
761,S01001150
587,S01001151
946,S01001152
713,S01001153
738,S01001154
609,S01001155
766,S01001156
732,S01001157
615,S01001158
764,S01001159
543,S01001160
602,S01001161
861,S01001162
585,S01001163
642,S01001164
822,S01001165
318,S01001166
820,S01001167
785,S01001168
"1,137",S01001169
850,S01001170
591,S01001171
630,S01001172
942,S01001173
660,S01001174
908,S01001175
817,S01001176
973,S01001177
778,S01001178
873,S01001179
687,S01001180
855,S01001181
947,S01001182
874,S01001183
909,S01001184
565,S01001185
708,S01001186
881,S01001187
799,S01001188
968,S01001189
741,S01001190
716,S01001191
944,S01001192
834,S01001193
918,S01001194
941,S01001195
960,S01001196
556,S01001197
756,S01001198
891,S01001199
"1,087",S01001200
668,S01001201
616,S01001202
767,S01001203
735,S01001204
743,S01001205
708,S01001206
810,S01001207
592,S01001208
590,S01001209
833,S01001210
"1,009",S01001211
622,S01001212
"1,019",S01001213
731,S01001214
728,S01001215
889,S01001216
"1,138",S01001217
816,S01001218
825,S01001219
503,S01001220
"1,679",S01001221
"1,064",S01001222
666,S01001223
968,S01001224
894,S01001225
541,S01001226
709,S01001227
747,S01001228
742,S01001229
670,S01001230
645,S01001231
"2,644",S01001232
901,S01001233
483,S01001234
864,S01001235
877,S01001236
542,S01001237
469,S01001238
573,S01001239
789,S01001240
601,S01001241
898,S01001242
"1,239",S01001243
841,S01001244
861,S01001245
992,S01001246
564,S01001247
772,S01001248
676,S01001249
915,S01001250
567,S01001251
586,S01001252
665,S01001253
644,S01001254
862,S01001255
697,S01001256
816,S01001257
609,S01001258
899,S01001259
898,S01001260
866,S01001261
917,S01001262
448,S01001263
"2,033",S01001264
572,S01001265
762,S01001266
966,S01001267
665,S01001268
530,S01001269
657,S01001270
671,S01001271
645,S01001272
724,S01001273
716,S01001274
679,S01001275
619,S01001276
706,S01001277
453,S01001278
610,S01001279
515,S01001280
728,S01001281
763,S01001282
522,S01001283
995,S01001284
645,S01001285
597,S01001286
755,S01001287
977,S01001288
737,S01001289
622,S01001290
549,S01001291
789,S01001292
772,S01001293
610,S01001294
782,S01001295
645,S01001296
807,S01001297
822,S01001298
802,S01001299
"1,204",S01001300
533,S01001301
803,S01001302
609,S01001303
"1,203",S01001304
761,S01001305
654,S01001306
"1,316",S01001307
925,S01001308
656,S01001309
689,S01001310
648,S01001311
709,S01001312
806,S01001313
727,S01001314
973,S01001315
876,S01001316
877,S01001317
518,S01001318
599,S01001319
870,S01001320
697,S01001321
900,S01001322
589,S01001323
958,S01001324
767,S01001325
850,S01001326
758,S01001327
844,S01001328
549,S01001329
790,S01001330
830,S01001331
868,S01001332
805,S01001333
849,S01001334
909,S01001335
813,S01001336
764,S01001337
698,S01001338
742,S01001339
739,S01001340
851,S01001341
869,S01001342
955,S01001343
700,S01001344
642,S01001345
659,S01001346
720,S01001347
640,S01001348
"1,320",S01001349
643,S01001350
496,S01001351
762,S01001352
"1,656",S01001353
732,S01001354
703,S01001355
637,S01001356
706,S01001357
905,S01001358
758,S01001359
"1,127",S01001360
622,S01001361
527,S01001362
570,S01001363
819,S01001364
614,S01001365
904,S01001366
669,S01001367
"1,233",S01001368
947,S01001369
816,S01001370
701,S01001371
652,S01001372
653,S01001373
506,S01001374
660,S01001375
792,S01001376
802,S01001377
575,S01001378
"1,030",S01001379
778,S01001380
802,S01001381
652,S01001382
554,S01001383
893,S01001384
949,S01001385
887,S01001386
905,S01001387
"1,387",S01001388
475,S01001389
793,S01001390
689,S01001391
792,S01001392
521,S01001393
461,S01001394
915,S01001395
811,S01001396
731,S01001397
788,S01001398
905,S01001399
926,S01001400
665,S01001401
801,S01001402
"1,202",S01001403
705,S01001404
"1,114",S01001405
"2,919",S01001406
759,S01001407
886,S01001408
838,S01001409
"1,037",S01001410
630,S01001411
832,S01001412
899,S01001413
642,S01001414
815,S01001415
671,S01001416
881,S01001417
797,S01001418
772,S01001419
"1,511",S01001420
"1,118",S01001421
640,S01001422
834,S01001423
"1,084",S01001424
"1,644",S01001425
780,S01001426
877,S01001427
821,S01001428
667,S01001429
897,S01001430
916,S01001431
758,S01001432
783,S01001433
913,S01001434
954,S01001435
"1,051",S01001436
889,S01001437
618,S01001438
701,S01001439
896,S01001440
775,S01001441
661,S01001442
949,S01001443
878,S01001444
675,S01001445
882,S01001446
"1,334",S01001447
703,S01001448
599,S01001449
809,S01001450
709,S01001451
853,S01001452
826,S01001453
929,S01001454
754,S01001455
669,S01001456
877,S01001457
880,S01001458
907,S01001459
639,S01001460
825,S01001461
814,S01001462
654,S01001463
870,S01001464
726,S01001465
716,S01001466
778,S01001467
623,S01001468
787,S01001469
909,S01001470
697,S01001471
782,S01001472
782,S01001473
"1,662",S01001474
649,S01001475
964,S01001476
915,S01001477
662,S01001478
640,S01001479
606,S01001480
869,S01001481
711,S01001482
"1,167",S01001483
841,S01001484
"1,138",S01001485
774,S01001486
665,S01001487
848,S01001488
867,S01001489
939,S01001490
866,S01001491
916,S01001492
743,S01001493
943,S01001494
611,S01001495
939,S01001496
756,S01001497
676,S01001498
"1,033",S01001499
720,S01001500
864,S01001501
807,S01001502
770,S01001503
826,S01001504
"1,071",S01001505
578,S01001506
886,S01001507
930,S01001508
816,S01001509
613,S01001510
562,S01001511
943,S01001512
843,S01001513
729,S01001514
692,S01001515
688,S01001516
842,S01001517
949,S01001518
996,S01001519
666,S01001520
963,S01001521
"1,020",S01001522
791,S01001523
894,S01001524
789,S01001525
611,S01001526
881,S01001527
920,S01001528
693,S01001529
802,S01001530
"1,218",S01001531
612,S01001532
"1,016",S01001533
645,S01001534
884,S01001535
724,S01001536
539,S01001537
844,S01001538
902,S01001539
739,S01001540
809,S01001541
691,S01001542
723,S01001543
927,S01001544
683,S01001545
977,S01001546
965,S01001547
965,S01001548
"1,088",S01001549
786,S01001550
909,S01001551
840,S01001552
867,S01001553
983,S01001554
776,S01001555
830,S01001556
992,S01001557
901,S01001558
466,S01001559
"1,535",S01001560
"1,413",S01001561
"2,893",S01001562
606,S01001563
552,S01001564
728,S01001565
684,S01001566
892,S01001567
798,S01001568
828,S01001569
525,S01001570
715,S01001571
492,S01001572
676,S01001573
873,S01001574
714,S01001575
570,S01001576
704,S01001577
701,S01001578
885,S01001579
589,S01001580
632,S01001581
740,S01001582
512,S01001583
752,S01001584
846,S01001585
476,S01001586
747,S01001587
775,S01001588
816,S01001589
662,S01001590
664,S01001591
742,S01001592
768,S01001593
829,S01001594
679,S01001595
844,S01001596
879,S01001597
668,S01001598
"1,018",S01001599
"1,057",S01001600
"1,215",S01001601
810,S01001602
"1,056",S01001603
629,S01001604
"1,033",S01001605
632,S01001606
"3,041",S01001607
818,S01001608
860,S01001609
777,S01001610
"1,056",S01001611
817,S01001612
739,S01001613
694,S01001614
762,S01001615
752,S01001616
635,S01001617
"1,000",S01001618
682,S01001619
861,S01001620
665,S01001621
848,S01001622
781,S01001623
956,S01001624
752,S01001625
745,S01001626
"1,411",S01001627
603,S01001628
628,S01001629
569,S01001630
"1,510",S01001631
572,S01001632
874,S01001633
997,S01001634
697,S01001635
510,S01001636
723,S01001637
860,S01001638
696,S01001639
623,S01001640
"1,724",S01001641
895,S01001642
710,S01001643
"1,762",S01001644
"1,007",S01001645
653,S01001646
650,S01001647
731,S01001648
728,S01001649
894,S01001650
941,S01001651
762,S01001652
645,S01001653
976,S01001654
601,S01001655
"1,332",S01001656
517,S01001657
976,S01001658
687,S01001659
676,S01001660
876,S01001661
705,S01001662
862,S01001663
543,S01001664
872,S01001665
513,S01001666
791,S01001667
969,S01001668
644,S01001669
645,S01001670
528,S01001671
598,S01001672
664,S01001673
658,S01001674
705,S01001675
"1,473",S01001676
820,S01001677
869,S01001678
841,S01001679
538,S01001680
660,S01001681
567,S01001682
749,S01001683
622,S01001684
705,S01001685
892,S01001686
992,S01001687
966,S01001688
670,S01001689
918,S01001690
861,S01001691
646,S01001692
949,S01001693
658,S01001694
792,S01001695
749,S01001696
841,S01001697
525,S01001698
726,S01001699
"1,044",S01001700
942,S01001701
944,S01001702
823,S01001703
943,S01001704
583,S01001705
798,S01001706
783,S01001707
964,S01001708
601,S01001709
707,S01001710
815,S01001711
436,S01001712
872,S01001713
717,S01001714
844,S01001715
765,S01001716
798,S01001717
503,S01001718
825,S01001719
"1,341",S01001720
765,S01001721
744,S01001722
844,S01001723
790,S01001724
818,S01001725
680,S01001726
"1,022",S01001727
671,S01001728
978,S01001729
686,S01001730
620,S01001731
546,S01001732
"1,020",S01001733
544,S01001734
492,S01001735
"1,054",S01001736
600,S01001737
586,S01001738
638,S01001739
710,S01001740
622,S01001741
822,S01001742
"1,004",S01001743
546,S01001744
835,S01001745
937,S01001746
865,S01001747
625,S01001748
735,S01001749
608,S01001750
891,S01001751
914,S01001752
771,S01001753
787,S01001754
"1,021",S01001755
631,S01001756
758,S01001757
791,S01001758
661,S01001759
855,S01001760
737,S01001761
972,S01001762
886,S01001763
552,S01001764
946,S01001765
652,S01001766
584,S01001767
595,S01001768
637,S01001769
590,S01001770
893,S01001771
522,S01001772
918,S01001773
666,S01001774
873,S01001775
600,S01001776
917,S01001777
900,S01001778
563,S01001779
883,S01001780
689,S01001781
969,S01001782
607,S01001783
609,S01001784
604,S01001785
634,S01001786
559,S01001787
777,S01001788
804,S01001789
684,S01001790
724,S01001791
683,S01001792
917,S01001793
929,S01001794
941,S01001795
762,S01001796
687,S01001797
794,S01001798
"1,069",S01001799
926,S01001800
"1,049",S01001801
877,S01001802
"1,027",S01001803
994,S01001804
703,S01001805
624,S01001806
849,S01001807
520,S01001808
"1,031",S01001809
864,S01001810
638,S01001811
856,S01001812
703,S01001813
726,S01001814
836,S01001815
"1,128",S01001816
664,S01001817
784,S01001818
"1,032",S01001819
844,S01001820
520,S01001821
968,S01001822
"1,133",S01001823
746,S01001824
814,S01001825
853,S01001826
924,S01001827
785,S01001828
697,S01001829
946,S01001830
729,S01001831
694,S01001832
"1,135",S01001833
572,S01001834
655,S01001835
906,S01001836
879,S01001837
705,S01001838
923,S01001839
697,S01001840
712,S01001841
748,S01001842
739,S01001843
"2,926",S01001844
799,S01001845
878,S01001846
888,S01001847
754,S01001848
583,S01001849
733,S01001850
914,S01001851
792,S01001852
717,S01001853
"1,411",S01001854
799,S01001855
835,S01001856
676,S01001857
897,S01001858
"1,046",S01001859
"1,144",S01001860
843,S01001861
787,S01001862
834,S01001863
"1,424",S01001864
749,S01001865
696,S01001866
788,S01001867
731,S01001868
845,S01001869
980,S01001870
"1,813",S01001871
911,S01001872
832,S01001873
"1,229",S01001874
929,S01001875
993,S01001876
"1,011",S01001877
"1,043",S01001878
664,S01001879
780,S01001880
787,S01001881
778,S01001882
528,S01001883
850,S01001884
"1,269",S01001885
591,S01001886
891,S01001887
903,S01001888
551,S01001889
952,S01001890
713,S01001891
"1,002",S01001892
984,S01001893
798,S01001894
851,S01001895
827,S01001896
938,S01001897
581,S01001898
794,S01001899
792,S01001900
914,S01001901
932,S01001902
601,S01001903
601,S01001904
925,S01001905
813,S01001906
830,S01001907
960,S01001908
703,S01001909
689,S01001910
759,S01001911
724,S01001912
992,S01001913
596,S01001914
925,S01001915
875,S01001916
797,S01001917
907,S01001918
836,S01001919
819,S01001920
620,S01001921
750,S01001922
611,S01001923
824,S01001924
773,S01001925
557,S01001926
999,S01001927
969,S01001928
920,S01001929
819,S01001930
708,S01001931
"1,539",S01001932
887,S01001933
"1,581",S01001934
931,S01001935
"1,208",S01001936
832,S01001937
681,S01001938
589,S01001939
824,S01001940
"1,096",S01001941
601,S01001942
738,S01001943
845,S01001944
726,S01001945
875,S01001946
994,S01001947
919,S01001948
709,S01001949
955,S01001950
851,S01001951
793,S01001952
816,S01001953
464,S01001954
"1,190",S01001955
733,S01001956
555,S01001957
884,S01001958
803,S01001959
929,S01001960
"1,096",S01001961
915,S01001962
946,S01001963
771,S01001964
797,S01001965
"1,613",S01001966
627,S01001967
879,S01001968
621,S01001969
635,S01001970
807,S01001971
752,S01001972
638,S01001973
816,S01001974
819,S01001975
760,S01001976
866,S01001977
"1,401",S01001978
779,S01001979
862,S01001980
898,S01001981
536,S01001982
689,S01001983
"1,099",S01001984
781,S01001985
668,S01001986
843,S01001987
832,S01001988
879,S01001989
963,S01001990
809,S01001991
975,S01001992
717,S01001993
873,S01001994
662,S01001995
936,S01001996
930,S01001997
755,S01001998
690,S01001999
752,S01002000
808,S01002001
644,S01002002
888,S01002003
894,S01002004
785,S01002005
895,S01002006
983,S01002007
894,S01002008
782,S01002009
496,S01002010
"1,012",S01002011
794,S01002012
785,S01002013
859,S01002014
870,S01002015
665,S01002016
"1,077",S01002017
797,S01002018
748,S01002019
519,S01002020
"1,023",S01002021
988,S01002022
787,S01002023
723,S01002024
939,S01002025
707,S01002026
927,S01002027
"2,612",S01002028
756,S01002029
767,S01002030
851,S01002031
755,S01002032
792,S01002033
774,S01002034
725,S01002035
922,S01002036
677,S01002037
650,S01002038
650,S01002039
561,S01002040
908,S01002041
956,S01002042
737,S01002043
645,S01002044
"1,095",S01002045
560,S01002046
825,S01002047
831,S01002048
"1,063",S01002049
746,S01002050
751,S01002051
864,S01002052
845,S01002053
738,S01002054
956,S01002055
935,S01002056
"1,005",S01002057
"1,030",S01002058
710,S01002059
720,S01002060
719,S01002061
600,S01002062
"1,191",S01002063
"1,187",S01002064
998,S01002065
"1,119",S01002066
890,S01002067
963,S01002068
645,S01002069
646,S01002070
734,S01002071
"1,169",S01002072
659,S01002073
674,S01002074
866,S01002075
831,S01002076
821,S01002077
989,S01002078
"1,097",S01002079
"1,009",S01002080
720,S01002081
856,S01002082
549,S01002083
828,S01002084
610,S01002085
662,S01002086
"1,142",S01002087
"1,025",S01002088
"1,049",S01002089
"1,062",S01002090
722,S01002091
"1,012",S01002092
944,S01002093
712,S01002094
605,S01002095
"1,657",S01002096
822,S01002097
718,S01002098
847,S01002099
580,S01002100
"1,123",S01002101
635,S01002102
653,S01002103
"1,438",S01002104
976,S01002105
"1,006",S01002106
524,S01002107
"1,126",S01002108
888,S01002109
711,S01002110
"1,070",S01002111
"1,076",S01002112
755,S01002113
709,S01002114
"1,100",S01002115
899,S01002116
772,S01002117
"1,201",S01002118
648,S01002119
706,S01002120
648,S01002121
969,S01002122
"1,327",S01002123
944,S01002124
"1,098",S01002125
590,S01002126
705,S01002127
842,S01002128
852,S01002129
544,S01002130
772,S01002131
808,S01002132
"1,123",S01002133
581,S01002134
899,S01002135
771,S01002136
849,S01002137
825,S01002138
656,S01002139
901,S01002140
764,S01002141
"1,096",S01002142
743,S01002143
741,S01002144
970,S01002145
957,S01002146
934,S01002147
899,S01002148
"1,025",S01002149
728,S01002150
"1,534",S01002151
904,S01002152
496,S01002153
876,S01002154
941,S01002155
750,S01002156
804,S01002157
828,S01002158
750,S01002159
901,S01002160
744,S01002161
995,S01002162
"1,225",S01002163
801,S01002164
867,S01002165
729,S01002166
623,S01002167
984,S01002168
873,S01002169
833,S01002170
582,S01002171
714,S01002172
986,S01002173
885,S01002174
976,S01002175
735,S01002176
821,S01002177
933,S01002178
666,S01002179
572,S01002180
797,S01002181
730,S01002182
858,S01002183
775,S01002184
918,S01002185
740,S01002186
922,S01002187
755,S01002188
746,S01002189
885,S01002190
766,S01002191
894,S01002192
952,S01002193
811,S01002194
"1,162",S01002195
610,S01002196
974,S01002197
820,S01002198
789,S01002199
"1,193",S01002200
"1,156",S01002201
848,S01002202
508,S01002203
742,S01002204
723,S01002205
"1,011",S01002206
789,S01002207
655,S01002208
932,S01002209
604,S01002210
640,S01002211
"1,242",S01002212
"1,181",S01002213
765,S01002214
"1,152",S01002215
"1,826",S01002216
"1,264",S01002217
569,S01002218
729,S01002219
771,S01002220
990,S01002221
869,S01002222
706,S01002223
952,S01002224
"1,009",S01002225
"1,160",S01002226
825,S01002227
966,S01002228
717,S01002229
"1,116",S01002230
"1,251",S01002231
937,S01002232
"1,014",S01002233
823,S01002234
"1,143",S01002235
987,S01002236
"1,366",S01002237
570,S01002238
974,S01002239
"1,002",S01002240
967,S01002241
857,S01002242
842,S01002243
974,S01002244
"2,306",S01002245
994,S01002246
840,S01002247
"1,139",S01002248
960,S01002249
931,S01002250
"1,229",S01002251
803,S01002252
951,S01002253
945,S01002254
"1,768",S01002255
"1,303",S01002256
697,S01002257
871,S01002258
550,S01002259
910,S01002260
"1,061",S01002261
802,S01002262
871,S01002263
883,S01002264
"1,726",S01002265
784,S01002266
"1,037",S01002267
779,S01002268
"1,034",S01002269
"1,709",S01002270
843,S01002271
732,S01002272
808,S01002273
"1,454",S01002274
"1,532",S01002275
925,S01002276
961,S01002277
"1,096",S01002278
"1,457",S01002279
792,S01002280
621,S01002281
246,S01002282
716,S01002283
"2,227",S01002284
937,S01002285
712,S01002286
755,S01002287
"1,356",S01002288
"1,241",S01002289
"1,018",S01002290
685,S01002291
"1,152",S01002292
789,S01002293
677,S01002294
777,S01002295
11,S01002296
871,S01002297
710,S01002298
790,S01002299
770,S01002300
"2,337",S01002301
970,S01002302
753,S01002303
"1,733",S01002304
921,S01002305
438,S01002306
"1,254",S01002307
969,S01002308
816,S01002309
"1,076",S01002310
924,S01002311
716,S01002312
750,S01002313
878,S01002314
594,S01002315
710,S01002316
"4,255",S01002317
956,S01002318
"1,035",S01002319
631,S01002320
"1,103",S01002321
704,S01002322
809,S01002323
884,S01002324
"1,941",S01002325
"1,054",S01002326
859,S01002327
703,S01002328
705,S01002329
735,S01002330
701,S01002331
889,S01002332
749,S01002333
967,S01002334
911,S01002335
"1,012",S01002336
902,S01002337
474,S01002338
610,S01002339
635,S01002340
515,S01002341
590,S01002342
702,S01002343
514,S01002344
861,S01002345
900,S01002346
723,S01002347
905,S01002348
953,S01002349
939,S01002350
689,S01002351
872,S01002352
815,S01002353
919,S01002354
837,S01002355
847,S01002356
624,S01002357
618,S01002358
830,S01002359
681,S01002360
641,S01002361
795,S01002362
"1,139",S01002363
631,S01002364
610,S01002365
853,S01002366
"1,111",S01002367
938,S01002368
548,S01002369
701,S01002370
722,S01002371
764,S01002372
617,S01002373
751,S01002374
918,S01002375
942,S01002376
830,S01002377
546,S01002378
"1,574",S01002379
790,S01002380
862,S01002381
643,S01002382
528,S01002383
546,S01002384
764,S01002385
935,S01002386
771,S01002387
732,S01002388
686,S01002389
"1,400",S01002390
"1,452",S01002391
"2,186",S01002392
980,S01002393
814,S01002394
728,S01002395
740,S01002396
"1,596",S01002397
735,S01002398
971,S01002399
809,S01002400
"1,158",S01002401
795,S01002402
725,S01002403
"1,018",S01002404
670,S01002405
992,S01002406
685,S01002407
826,S01002408
688,S01002409
480,S01002410
"2,795",S01002411
913,S01002412
664,S01002413
600,S01002414
719,S01002415
591,S01002416
620,S01002417
891,S01002418
574,S01002419
658,S01002420
789,S01002421
546,S01002422
850,S01002423
840,S01002424
920,S01002425
701,S01002426
772,S01002427
548,S01002428
753,S01002429
626,S01002430
862,S01002431
"1,480",S01002432
603,S01002433
929,S01002434
642,S01002435
765,S01002436
822,S01002437
735,S01002438
738,S01002439
843,S01002440
642,S01002441
522,S01002442
667,S01002443
496,S01002444
880,S01002445
951,S01002446
676,S01002447
551,S01002448
645,S01002449
684,S01002450
965,S01002451
535,S01002452
651,S01002453
717,S01002454
536,S01002455
977,S01002456
748,S01002457
886,S01002458
520,S01002459
816,S01002460
484,S01002461
701,S01002462
889,S01002463
584,S01002464
764,S01002465
973,S01002466
470,S01002467
613,S01002468
625,S01002469
838,S01002470
534,S01002471
527,S01002472
893,S01002473
457,S01002474
522,S01002475
824,S01002476
786,S01002477
888,S01002478
729,S01002479
529,S01002480
919,S01002481
984,S01002482
651,S01002483
817,S01002484
849,S01002485
576,S01002486
535,S01002487
668,S01002488
516,S01002489
582,S01002490
493,S01002491
905,S01002492
923,S01002493
616,S01002494
693,S01002495
"1,263",S01002496
819,S01002497
609,S01002498
840,S01002499
579,S01002500
460,S01002501
796,S01002502
713,S01002503
"1,261",S01002504
713,S01002505
790,S01002506
589,S01002507
878,S01002508
"1,088",S01002509
937,S01002510
490,S01002511
608,S01002512
"1,762",S01002513
529,S01002514
590,S01002515
764,S01002516
576,S01002517
"1,072",S01002518
922,S01002519
559,S01002520
530,S01002521
781,S01002522
695,S01002523
564,S01002524
660,S01002525
527,S01002526
782,S01002527
868,S01002528
"1,179",S01002529
594,S01002530
852,S01002531
683,S01002532
818,S01002533
880,S01002534
944,S01002535
670,S01002536
533,S01002537
948,S01002538
798,S01002539
519,S01002540
"1,909",S01002541
699,S01002542
577,S01002543
872,S01002544
791,S01002545
771,S01002546
830,S01002547
"1,092",S01002548
478,S01002549
476,S01002550
589,S01002551
585,S01002552
712,S01002553
633,S01002554
766,S01002555
675,S01002556
823,S01002557
525,S01002558
611,S01002559
609,S01002560
763,S01002561
626,S01002562
996,S01002563
563,S01002564
844,S01002565
655,S01002566
"3,297",S01002567
830,S01002568
"1,471",S01002569
653,S01002570
661,S01002571
577,S01002572
498,S01002573
789,S01002574
"1,476",S01002575
692,S01002576
940,S01002577
746,S01002578
916,S01002579
758,S01002580
780,S01002581
697,S01002582
930,S01002583
"1,537",S01002584
787,S01002585
530,S01002586
669,S01002587
726,S01002588
749,S01002589
679,S01002590
554,S01002591
"1,015",S01002592
793,S01002593
691,S01002594
623,S01002595
688,S01002596
519,S01002597
987,S01002598
542,S01002599
"1,024",S01002600
614,S01002601
514,S01002602
720,S01002603
914,S01002604
596,S01002605
580,S01002606
775,S01002607
676,S01002608
784,S01002609
800,S01002610
980,S01002611
812,S01002612
831,S01002613
959,S01002614
576,S01002615
582,S01002616
873,S01002617
812,S01002618
736,S01002619
851,S01002620
565,S01002621
"9,713",S01002622
"1,670",S01002623
728,S01002624
871,S01002625
768,S01002626
949,S01002627
766,S01002628
858,S01002629
704,S01002630
715,S01002631
557,S01002632
931,S01002633
793,S01002634
581,S01002635
605,S01002636
737,S01002637
733,S01002638
917,S01002639
685,S01002640
876,S01002641
618,S01002642
548,S01002643
645,S01002644
579,S01002645
664,S01002646
912,S01002647
"1,267",S01002648
634,S01002649
628,S01002650
579,S01002651
699,S01002652
843,S01002653
723,S01002654
837,S01002655
932,S01002656
807,S01002657
"1,256",S01002658
860,S01002659
767,S01002660
853,S01002661
"1,624",S01002662
768,S01002663
839,S01002664
837,S01002665
"1,327",S01002666
644,S01002667
450,S01002668
"1,017",S01002669
618,S01002670
"1,022",S01002671
645,S01002672
502,S01002673
691,S01002674
886,S01002675
792,S01002676
952,S01002677
890,S01002678
947,S01002679
"1,135",S01002680
731,S01002681
558,S01002682
565,S01002683
787,S01002684
839,S01002685
"1,726",S01002686
"1,140",S01002687
604,S01002688
824,S01002689
517,S01002690
"1,508",S01002691
838,S01002692
546,S01002693
668,S01002694
629,S01002695
685,S01002696
877,S01002697
803,S01002698
491,S01002699
836,S01002700
805,S01002701
581,S01002702
"1,313",S01002703
600,S01002704
648,S01002705
950,S01002706
889,S01002707
"1,105",S01002708
845,S01002709
714,S01002710
886,S01002711
738,S01002712
657,S01002713
979,S01002714
833,S01002715
548,S01002716
828,S01002717
848,S01002718
749,S01002719
700,S01002720
781,S01002721
825,S01002722
697,S01002723
777,S01002724
844,S01002725
782,S01002726
944,S01002727
933,S01002728
854,S01002729
773,S01002730
799,S01002731
625,S01002732
660,S01002733
"1,055",S01002734
"1,129",S01002735
680,S01002736
695,S01002737
739,S01002738
775,S01002739
528,S01002740
935,S01002741
796,S01002742
667,S01002743
582,S01002744
607,S01002745
787,S01002746
517,S01002747
629,S01002748
713,S01002749
971,S01002750
"1,020",S01002751
465,S01002752
633,S01002753
588,S01002754
839,S01002755
786,S01002756
581,S01002757
685,S01002758
"1,042",S01002759
479,S01002760
789,S01002761
611,S01002762
841,S01002763
554,S01002764
863,S01002765
799,S01002766
913,S01002767
752,S01002768
704,S01002769
534,S01002770
703,S01002771
945,S01002772
948,S01002773
767,S01002774
757,S01002775
"1,034",S01002776
"1,041",S01002777
855,S01002778
616,S01002779
879,S01002780
835,S01002781
774,S01002782
"1,582",S01002783
551,S01002784
723,S01002785
876,S01002786
667,S01002787
787,S01002788
695,S01002789
774,S01002790
637,S01002791
"2,231",S01002792
704,S01002793
842,S01002794
589,S01002795
591,S01002796
739,S01002797
543,S01002798
605,S01002799
702,S01002800
914,S01002801
588,S01002802
798,S01002803
566,S01002804
890,S01002805
"2,746",S01002806
676,S01002807
769,S01002808
724,S01002809
981,S01002810
982,S01002811
618,S01002812
772,S01002813
925,S01002814
704,S01002815
634,S01002816
546,S01002817
608,S01002818
721,S01002819
809,S01002820
"1,160",S01002821
765,S01002822
703,S01002823
779,S01002824
778,S01002825
492,S01002826
657,S01002827
859,S01002828
778,S01002829
619,S01002830
"1,299",S01002831
750,S01002832
"1,009",S01002833
792,S01002834
699,S01002835
530,S01002836
571,S01002837
542,S01002838
581,S01002839
653,S01002840
"1,166",S01002841
591,S01002842
783,S01002843
559,S01002844
836,S01002845
"1,015",S01002846
886,S01002847
791,S01002848
916,S01002849
855,S01002850
402,S01002851
995,S01002852
466,S01002853
832,S01002854
632,S01002855
713,S01002856
637,S01002857
666,S01002858
809,S01002859
"1,109",S01002860
875,S01002861
580,S01002862
702,S01002863
608,S01002864
956,S01002865
998,S01002866
511,S01002867
726,S01002868
538,S01002869
919,S01002870
627,S01002871
629,S01002872
750,S01002873
736,S01002874
602,S01002875
653,S01002876
696,S01002877
526,S01002878
802,S01002879
508,S01002880
870,S01002881
785,S01002882
"1,038",S01002883
775,S01002884
"1,414",S01002885
819,S01002886
574,S01002887
491,S01002888
774,S01002889
676,S01002890
725,S01002891
643,S01002892
"1,082",S01002893
762,S01002894
603,S01002895
662,S01002896
605,S01002897
999,S01002898
651,S01002899
655,S01002900
781,S01002901
730,S01002902
831,S01002903
760,S01002904
747,S01002905
800,S01002906
607,S01002907
776,S01002908
743,S01002909
"1,000",S01002910
825,S01002911
"1,319",S01002912
716,S01002913
623,S01002914
895,S01002915
733,S01002916
549,S01002917
734,S01002918
853,S01002919
554,S01002920
643,S01002921
486,S01002922
610,S01002923
657,S01002924
"1,547",S01002925
755,S01002926
754,S01002927
528,S01002928
757,S01002929
538,S01002930
869,S01002931
695,S01002932
785,S01002933
869,S01002934
897,S01002935
717,S01002936
587,S01002937
777,S01002938
559,S01002939
647,S01002940
920,S01002941
486,S01002942
656,S01002943
"1,104",S01002944
625,S01002945
"1,061",S01002946
646,S01002947
764,S01002948
542,S01002949
769,S01002950
887,S01002951
581,S01002952
908,S01002953
808,S01002954
"1,089",S01002955
710,S01002956
895,S01002957
605,S01002958
914,S01002959
617,S01002960
792,S01002961
672,S01002962
823,S01002963
626,S01002964
936,S01002965
680,S01002966
877,S01002967
"1,409",S01002968
975,S01002969
636,S01002970
"1,206",S01002971
"1,051",S01002972
916,S01002973
"1,110",S01002974
703,S01002975
888,S01002976
710,S01002977
"1,091",S01002978
702,S01002979
722,S01002980
758,S01002981
612,S01002982
815,S01002983
743,S01002984
629,S01002985
733,S01002986
947,S01002987
705,S01002988
907,S01002989
669,S01002990
"1,091",S01002991
710,S01002992
725,S01002993
"1,083",S01002994
578,S01002995
"2,647",S01002996
805,S01002997
803,S01002998
969,S01002999
760,S01003000
577,S01003001
885,S01003002
552,S01003003
456,S01003004
528,S01003005
"1,071",S01003006
862,S01003007
"1,179",S01003008
543,S01003009
706,S01003010
814,S01003011
904,S01003012
594,S01003013
665,S01003014
763,S01003015
607,S01003016
678,S01003017
824,S01003018
830,S01003019
684,S01003020
688,S01003021
"1,000",S01003022
821,S01003023
621,S01003024
855,S01003025
908,S01003026
"1,048",S01003027
760,S01003028
"1,079",S01003029
"1,343",S01003030
0,S01003031
578,S01003032
548,S01003033
870,S01003034
"1,013",S01003035
894,S01003036
"2,378",S01003037
879,S01003038
900,S01003039
844,S01003040
696,S01003041
598,S01003042
733,S01003043
"1,239",S01003044
930,S01003045
712,S01003046
"1,022",S01003047
521,S01003048
513,S01003049
668,S01003050
"1,094",S01003051
701,S01003052
"1,026",S01003053
791,S01003054
845,S01003055
891,S01003056
672,S01003057
"1,341",S01003058
887,S01003059
"1,006",S01003060
764,S01003061
947,S01003062
785,S01003063
833,S01003064
988,S01003065
776,S01003066
615,S01003067
801,S01003068
579,S01003069
774,S01003070
673,S01003071
930,S01003072
702,S01003073
727,S01003074
747,S01003075
787,S01003076
975,S01003077
656,S01003078
873,S01003079
873,S01003080
"1,050",S01003081
"1,276",S01003082
"1,199",S01003083
819,S01003084
960,S01003085
653,S01003086
627,S01003087
"1,143",S01003088
736,S01003089
753,S01003090
569,S01003091
771,S01003092
991,S01003093
"1,030",S01003094
744,S01003095
690,S01003096
300,S01003097
"1,241",S01003098
571,S01003099
844,S01003100
547,S01003101
728,S01003102
727,S01003103
841,S01003104
821,S01003105
747,S01003106
751,S01003107
727,S01003108
911,S01003109
748,S01003110
761,S01003111
947,S01003112
698,S01003113
835,S01003114
"1,091",S01003115
932,S01003116
757,S01003117
325,S01003118
588,S01003119
"1,458",S01003120
815,S01003121
678,S01003122
899,S01003123
833,S01003124
856,S01003125
300,S01003126
749,S01003127
745,S01003128
"1,182",S01003129
820,S01003130
858,S01003131
796,S01003132
"1,429",S01003133
737,S01003134
743,S01003135
940,S01003136
782,S01003137
977,S01003138
"1,062",S01003139
909,S01003140
802,S01003141
"1,165",S01003142
877,S01003143
873,S01003144
612,S01003145
717,S01003146
825,S01003147
681,S01003148
854,S01003149
623,S01003150
729,S01003151
921,S01003152
727,S01003153
995,S01003154
"1,355",S01003155
907,S01003156
"1,130",S01003157
239,S01003158
243,S01003159
712,S01003160
641,S01003161
657,S01003162
723,S01003163
833,S01003164
864,S01003165
654,S01003166
950,S01003167
822,S01003168
"2,634",S01003169
982,S01003170
736,S01003171
757,S01003172
512,S01003173
854,S01003174
825,S01003175
817,S01003176
"1,072",S01003177
862,S01003178
643,S01003179
659,S01003180
881,S01003181
842,S01003182
775,S01003183
817,S01003184
639,S01003185
839,S01003186
"1,065",S01003187
948,S01003188
703,S01003189
719,S01003190
579,S01003191
821,S01003192
"2,008",S01003193
730,S01003194
754,S01003195
987,S01003196
772,S01003197
"1,019",S01003198
"1,066",S01003199
794,S01003200
234,S01003201
"1,239",S01003202
845,S01003203
925,S01003204
770,S01003205
814,S01003206
789,S01003207
"1,378",S01003208
570,S01003209
"1,003",S01003210
898,S01003211
676,S01003212
548,S01003213
726,S01003214
915,S01003215
674,S01003216
709,S01003217
671,S01003218
764,S01003219
823,S01003220
675,S01003221
812,S01003222
817,S01003223
669,S01003224
720,S01003225
719,S01003226
"1,634",S01003227
"1,250",S01003228
891,S01003229
894,S01003230
834,S01003231
928,S01003232
880,S01003233
960,S01003234
802,S01003235
717,S01003236
913,S01003237
648,S01003238
969,S01003239
686,S01003240
758,S01003241
"1,045",S01003242
871,S01003243
976,S01003244
"1,141",S01003245
892,S01003246
773,S01003247
"1,196",S01003248
747,S01003249
575,S01003250
798,S01003251
570,S01003252
"1,009",S01003253
548,S01003254
868,S01003255
"1,457",S01003256
813,S01003257
757,S01003258
"1,140",S01003259
682,S01003260
824,S01003261
735,S01003262
"1,090",S01003263
617,S01003264
659,S01003265
723,S01003266
968,S01003267
"1,743",S01003268
849,S01003269
750,S01003270
"2,115",S01003271
"1,732",S01003272
830,S01003273
594,S01003274
"1,023",S01003275
730,S01003276
610,S01003277
844,S01003278
400,S01003279
943,S01003280
552,S01003281
767,S01003282
668,S01003283
"1,018",S01003284
361,S01003285
968,S01003286
574,S01003287
701,S01003288
436,S01003289
811,S01003290
762,S01003291
738,S01003292
851,S01003293
705,S01003294
968,S01003295
866,S01003296
543,S01003297
"1,045",S01003298
411,S01003299
828,S01003300
752,S01003301
603,S01003302
"2,463",S01003303
698,S01003304
795,S01003305
913,S01003306
"1,055",S01003307
836,S01003308
965,S01003309
729,S01003310
667,S01003311
594,S01003312
"1,208",S01003313
684,S01003314
728,S01003315
631,S01003316
624,S01003317
730,S01003318
0,S01003319
560,S01003320
649,S01003321
824,S01003322
716,S01003323
455,S01003324
810,S01003325
878,S01003326
605,S01003327
"1,105",S01003328
816,S01003329
930,S01003330
664,S01003331
400,S01003332
930,S01003333
976,S01003334
648,S01003335
"1,019",S01003336
"1,570",S01003337
899,S01003338
777,S01003339
981,S01003340
"1,036",S01003341
689,S01003342
733,S01003343
520,S01003344
939,S01003345
851,S01003346
916,S01003347
"1,062",S01003348
"1,370",S01003349
938,S01003350
"1,107",S01003351
"1,131",S01003352
661,S01003353
661,S01003354
"1,114",S01003355
873,S01003356
359,S01003357
"1,824",S01003358
"1,001",S01003359
688,S01003360
675,S01003361
706,S01003362
769,S01003363
693,S01003364
791,S01003365
681,S01003366
"1,482",S01003367
"2,291",S01003368
626,S01003369
744,S01003370
671,S01003371
833,S01003372
"2,399",S01003373
512,S01003374
960,S01003375
573,S01003376
728,S01003377
823,S01003378
665,S01003379
"1,331",S01003380
701,S01003381
"1,844",S01003382
886,S01003383
950,S01003384
875,S01003385
700,S01003386
754,S01003387
"1,163",S01003388
"1,013",S01003389
"1,183",S01003390
787,S01003391
796,S01003392
883,S01003393
634,S01003394
624,S01003395
884,S01003396
"1,028",S01003397
798,S01003398
"1,922",S01003399
723,S01003400
865,S01003401
993,S01003402
"1,214",S01003403
582,S01003404
683,S01003405
651,S01003406
846,S01003407
577,S01003408
"1,693",S01003409
"1,472",S01003410
890,S01003411
"1,086",S01003412
715,S01003413
399,S01003414
"1,188",S01003415
827,S01003416
936,S01003417
"1,014",S01003418
949,S01003419
396,S01003420
833,S01003421
817,S01003422
853,S01003423
959,S01003424
801,S01003425
"1,106",S01003426
953,S01003427
867,S01003428
"1,462",S01003429
809,S01003430
723,S01003431
885,S01003432
"1,216",S01003433
740,S01003434
682,S01003435
512,S01003436
840,S01003437
"1,495",S01003438
"1,164",S01003439
534,S01003440
"1,500",S01003441
990,S01003442
691,S01003443
835,S01003444
"1,046",S01003445
427,S01003446
"2,345",S01003447
725,S01003448
776,S01003449
981,S01003450
900,S01003451
"1,261",S01003452
"1,270",S01003453
703,S01003454
913,S01003455
194,S01003456
"1,011",S01003457
"1,241",S01003458
870,S01003459
"1,079",S01003460
759,S01003461
602,S01003462
0,S01003463
997,S01003464
"2,773",S01003465
802,S01003466
712,S01003467
829,S01003468
990,S01003469
"1,106",S01003470
742,S01003471
702,S01003472
912,S01003473
659,S01003474
883,S01003475
"1,255",S01003476
"1,023",S01003477
770,S01003478
818,S01003479
887,S01003480
993,S01003481
749,S01003482
506,S01003483
"1,099",S01003484
866,S01003485
997,S01003486
"1,055",S01003487
802,S01003488
"1,476",S01003489
684,S01003490
82,S01003491
797,S01003492
898,S01003493
804,S01003494
948,S01003495
975,S01003496
936,S01003497
"1,026",S01003498
"1,032",S01003499
722,S01003500
665,S01003501
"2,103",S01003502
682,S01003503
908,S01003504
0,S01003505
"1,074",S01003506
539,S01003507
825,S01003508
873,S01003509
446,S01003510
"1,086",S01003511
626,S01003512
734,S01003513
870,S01003514
601,S01003515
671,S01003516
733,S01003517
"1,059",S01003518
660,S01003519
761,S01003520
483,S01003521
842,S01003522
681,S01003523
"1,102",S01003524
"1,150",S01003525
"1,104",S01003526
873,S01003527
499,S01003528
627,S01003529
828,S01003530
805,S01003531
"1,153",S01003532
0,S01003533
874,S01003534
688,S01003535
"1,038",S01003536
817,S01003537
605,S01003538
984,S01003539
278,S01003540
891,S01003541
843,S01003542
733,S01003543
528,S01003544
832,S01003545
"1,034",S01003546
779,S01003547
61,S01003548
826,S01003549
645,S01003550
673,S01003551
"1,100",S01003552
611,S01003553
815,S01003554
709,S01003555
693,S01003556
769,S01003557
"1,056",S01003558
957,S01003559
"1,267",S01003560
"1,307",S01003561
615,S01003562
508,S01003563
700,S01003564
838,S01003565
818,S01003566
"1,037",S01003567
789,S01003568
703,S01003569
734,S01003570
894,S01003571
"1,060",S01003572
931,S01003573
"1,013",S01003574
907,S01003575
891,S01003576
949,S01003577
240,S01003578
799,S01003579
"1,109",S01003580
"2,304",S01003581
725,S01003582
557,S01003583
482,S01003584
744,S01003585
"1,035",S01003586
"1,120",S01003587
626,S01003588
"1,560",S01003589
740,S01003590
"1,276",S01003591
"1,458",S01003592
680,S01003593
"1,007",S01003594
876,S01003595
816,S01003596
721,S01003597
684,S01003598
971,S01003599
846,S01003600
843,S01003601
645,S01003602
892,S01003603
878,S01003604
714,S01003605
811,S01003606
505,S01003607
548,S01003608
"1,091",S01003609
"1,020",S01003610
858,S01003611
902,S01003612
"1,568",S01003613
577,S01003614
884,S01003615
849,S01003616
811,S01003617
795,S01003618
817,S01003619
"1,055",S01003620
942,S01003621
801,S01003622
925,S01003623
"1,504",S01003624
361,S01003625
778,S01003626
624,S01003627
705,S01003628
779,S01003629
773,S01003630
"1,280",S01003631
960,S01003632
"1,262",S01003633
"1,017",S01003634
586,S01003635
902,S01003636
"1,166",S01003637
748,S01003638
768,S01003639
933,S01003640
746,S01003641
850,S01003642
701,S01003643
"1,025",S01003644
564,S01003645
851,S01003646
731,S01003647
827,S01003648
966,S01003649
858,S01003650
712,S01003651
736,S01003652
702,S01003653
"1,128",S01003654
632,S01003655
944,S01003656
789,S01003657
873,S01003658
803,S01003659
"1,073",S01003660
948,S01003661
531,S01003662
565,S01003663
514,S01003664
640,S01003665
675,S01003666
820,S01003667
773,S01003668
"1,009",S01003669
918,S01003670
702,S01003671
727,S01003672
342,S01003673
793,S01003674
861,S01003675
"1,328",S01003676
675,S01003677
669,S01003678
"1,052",S01003679
619,S01003680
549,S01003681
"1,005",S01003682
614,S01003683
782,S01003684
579,S01003685
908,S01003686
624,S01003687
841,S01003688
686,S01003689
928,S01003690
"1,037",S01003691
"1,030",S01003692
524,S01003693
997,S01003694
"1,074",S01003695
"1,019",S01003696
907,S01003697
"1,032",S01003698
895,S01003699
980,S01003700
"1,006",S01003701
806,S01003702
"1,080",S01003703
666,S01003704
796,S01003705
728,S01003706
"1,042",S01003707
993,S01003708
883,S01003709
"1,453",S01003710
918,S01003711
"1,010",S01003712
468,S01003713
616,S01003714
780,S01003715
620,S01003716
876,S01003717
692,S01003718
665,S01003719
977,S01003720
807,S01003721
844,S01003722
494,S01003723
977,S01003724
589,S01003725
638,S01003726
763,S01003727
559,S01003728
853,S01003729
620,S01003730
591,S01003731
880,S01003732
899,S01003733
690,S01003734
770,S01003735
803,S01003736
612,S01003737
813,S01003738
541,S01003739
639,S01003740
851,S01003741
749,S01003742
592,S01003743
660,S01003744
754,S01003745
905,S01003746
"1,073",S01003747
580,S01003748
865,S01003749
729,S01003750
"1,089",S01003751
958,S01003752
"1,129",S01003753
807,S01003754
"1,684",S01003755
915,S01003756
607,S01003757
958,S01003758
662,S01003759
821,S01003760
"1,000",S01003761
"1,068",S01003762
931,S01003763
879,S01003764
626,S01003765
707,S01003766
800,S01003767
631,S01003768
979,S01003769
813,S01003770
756,S01003771
602,S01003772
668,S01003773
760,S01003774
937,S01003775
679,S01003776
"1,141",S01003777
"3,799",S01003778
509,S01003779
"1,134",S01003780
"1,097",S01003781
622,S01003782
"1,485",S01003783
"1,862",S01003784
823,S01003785
839,S01003786
592,S01003787
712,S01003788
510,S01003789
556,S01003790
799,S01003791
"2,437",S01003792
550,S01003793
667,S01003794
654,S01003795
642,S01003796
942,S01003797
850,S01003798
753,S01003799
646,S01003800
845,S01003801
770,S01003802
715,S01003803
604,S01003804
"1,181",S01003805
700,S01003806
881,S01003807
996,S01003808
673,S01003809
925,S01003810
655,S01003811
948,S01003812
847,S01003813
763,S01003814
811,S01003815
991,S01003816
"1,049",S01003817
807,S01003818
"2,534",S01003819
"1,030",S01003820
808,S01003821
630,S01003822
972,S01003823
684,S01003824
803,S01003825
791,S01003826
846,S01003827
"1,193",S01003828
666,S01003829
888,S01003830
573,S01003831
948,S01003832
609,S01003833
649,S01003834
502,S01003835
490,S01003836
787,S01003837
547,S01003838
640,S01003839
700,S01003840
602,S01003841
762,S01003842
974,S01003843
690,S01003844
"1,075",S01003845
766,S01003846
599,S01003847
654,S01003848
"1,019",S01003849
535,S01003850
805,S01003851
588,S01003852
"1,235",S01003853
566,S01003854
959,S01003855
728,S01003856
712,S01003857
537,S01003858
597,S01003859
726,S01003860
777,S01003861
722,S01003862
670,S01003863
885,S01003864
"1,044",S01003865
980,S01003866
"1,410",S01003867
802,S01003868
699,S01003869
989,S01003870
755,S01003871
930,S01003872
"1,150",S01003873
"1,038",S01003874
680,S01003875
716,S01003876
675,S01003877
"1,044",S01003878
802,S01003879
852,S01003880
922,S01003881
494,S01003882
531,S01003883
795,S01003884
637,S01003885
523,S01003886
"1,020",S01003887
"1,758",S01003888
541,S01003889
668,S01003890
757,S01003891
601,S01003892
651,S01003893
908,S01003894
733,S01003895
684,S01003896
828,S01003897
807,S01003898
790,S01003899
762,S01003900
644,S01003901
"1,034",S01003902
856,S01003903
848,S01003904
"1,213",S01003905
700,S01003906
783,S01003907
818,S01003908
605,S01003909
742,S01003910
568,S01003911
903,S01003912
810,S01003913
"1,017",S01003914
798,S01003915
844,S01003916
901,S01003917
921,S01003918
666,S01003919
738,S01003920
"1,059",S01003921
927,S01003922
716,S01003923
506,S01003924
721,S01003925
630,S01003926
736,S01003927
807,S01003928
485,S01003929
747,S01003930
"1,144",S01003931
970,S01003932
724,S01003933
998,S01003934
797,S01003935
"1,080",S01003936
756,S01003937
684,S01003938
592,S01003939
"1,081",S01003940
609,S01003941
778,S01003942
638,S01003943
663,S01003944
637,S01003945
846,S01003946
645,S01003947
758,S01003948
656,S01003949
668,S01003950
586,S01003951
567,S01003952
572,S01003953
668,S01003954
641,S01003955
739,S01003956
656,S01003957
789,S01003958
766,S01003959
851,S01003960
563,S01003961
617,S01003962
468,S01003963
591,S01003964
581,S01003965
"1,007",S01003966
541,S01003967
873,S01003968
774,S01003969
596,S01003970
686,S01003971
777,S01003972
449,S01003973
809,S01003974
874,S01003975
746,S01003976
519,S01003977
524,S01003978
557,S01003979
681,S01003980
550,S01003981
750,S01003982
672,S01003983
640,S01003984
706,S01003985
565,S01003986
677,S01003987
496,S01003988
898,S01003989
511,S01003990
608,S01003991
962,S01003992
674,S01003993
727,S01003994
"1,319",S01003995
561,S01003996
873,S01003997
537,S01003998
831,S01003999
710,S01004000
688,S01004001
842,S01004002
588,S01004003
697,S01004004
580,S01004005
533,S01004006
555,S01004007
638,S01004008
746,S01004009
802,S01004010
"1,377",S01004011
772,S01004012
546,S01004013
687,S01004014
897,S01004015
580,S01004016
965,S01004017
794,S01004018
"1,116",S01004019
767,S01004020
"1,169",S01004021
931,S01004022
526,S01004023
"1,157",S01004024
764,S01004025
579,S01004026
759,S01004027
747,S01004028
863,S01004029
625,S01004030
559,S01004031
427,S01004032
883,S01004033
738,S01004034
722,S01004035
630,S01004036
644,S01004037
665,S01004038
357,S01004039
637,S01004040
622,S01004041
456,S01004042
696,S01004043
630,S01004044
591,S01004045
534,S01004046
639,S01004047
"1,033",S01004048
"1,226",S01004049
621,S01004050
810,S01004051
546,S01004052
991,S01004053
892,S01004054
481,S01004055
687,S01004056
"1,843",S01004057
900,S01004058
526,S01004059
458,S01004060
773,S01004061
810,S01004062
530,S01004063
614,S01004064
853,S01004065
566,S01004066
827,S01004067
663,S01004068
448,S01004069
738,S01004070
790,S01004071
"1,162",S01004072
784,S01004073
778,S01004074
415,S01004075
593,S01004076
813,S01004077
714,S01004078
728,S01004079
772,S01004080
702,S01004081
"1,008",S01004082
856,S01004083
890,S01004084
546,S01004085
739,S01004086
480,S01004087
582,S01004088
672,S01004089
342,S01004090
868,S01004091
740,S01004092
517,S01004093
428,S01004094
488,S01004095
696,S01004096
727,S01004097
609,S01004098
715,S01004099
742,S01004100
680,S01004101
794,S01004102
651,S01004103
752,S01004104
826,S01004105
882,S01004106
678,S01004107
791,S01004108
556,S01004109
757,S01004110
759,S01004111
848,S01004112
727,S01004113
617,S01004114
743,S01004115
654,S01004116
766,S01004117
825,S01004118
519,S01004119
702,S01004120
684,S01004121
924,S01004122
"1,098",S01004123
"1,026",S01004124
635,S01004125
681,S01004126
830,S01004127
679,S01004128
715,S01004129
493,S01004130
793,S01004131
555,S01004132
799,S01004133
665,S01004134
559,S01004135
622,S01004136
480,S01004137
639,S01004138
556,S01004139
660,S01004140
653,S01004141
538,S01004142
838,S01004143
"1,243",S01004144
614,S01004145
659,S01004146
699,S01004147
877,S01004148
841,S01004149
503,S01004150
"1,101",S01004151
692,S01004152
756,S01004153
615,S01004154
"1,051",S01004155
943,S01004156
560,S01004157
641,S01004158
541,S01004159
648,S01004160
547,S01004161
"2,987",S01004162
644,S01004163
906,S01004164
928,S01004165
686,S01004166
627,S01004167
650,S01004168
779,S01004169
775,S01004170
627,S01004171
771,S01004172
577,S01004173
679,S01004174
518,S01004175
601,S01004176
510,S01004177
566,S01004178
479,S01004179
889,S01004180
776,S01004181
899,S01004182
"1,009",S01004183
758,S01004184
653,S01004185
768,S01004186
679,S01004187
811,S01004188
925,S01004189
787,S01004190
716,S01004191
"1,063",S01004192
728,S01004193
724,S01004194
626,S01004195
589,S01004196
683,S01004197
707,S01004198
736,S01004199
689,S01004200
741,S01004201
511,S01004202
957,S01004203
686,S01004204
722,S01004205
632,S01004206
869,S01004207
828,S01004208
584,S01004209
603,S01004210
"1,030",S01004211
"1,960",S01004212
554,S01004213
637,S01004214
586,S01004215
764,S01004216
590,S01004217
805,S01004218
518,S01004219
915,S01004220
721,S01004221
561,S01004222
686,S01004223
640,S01004224
818,S01004225
684,S01004226
"1,287",S01004227
910,S01004228
654,S01004229
708,S01004230
680,S01004231
681,S01004232
796,S01004233
"1,065",S01004234
855,S01004235
993,S01004236
643,S01004237
549,S01004238
842,S01004239
789,S01004240
536,S01004241
888,S01004242
740,S01004243
592,S01004244
999,S01004245
629,S01004246
827,S01004247
"1,100",S01004248
900,S01004249
"1,037",S01004250
871,S01004251
635,S01004252
581,S01004253
714,S01004254
"3,606",S01004255
"1,637",S01004256
635,S01004257
789,S01004258
865,S01004259
495,S01004260
711,S01004261
833,S01004262
720,S01004263
746,S01004264
914,S01004265
556,S01004266
466,S01004267
620,S01004268
774,S01004269
522,S01004270
629,S01004271
559,S01004272
568,S01004273
881,S01004274
543,S01004275
871,S01004276
680,S01004277
"1,052",S01004278
800,S01004279
909,S01004280
723,S01004281
836,S01004282
670,S01004283
867,S01004284
772,S01004285
577,S01004286
690,S01004287
650,S01004288
529,S01004289
"1,292",S01004290
787,S01004291
912,S01004292
921,S01004293
755,S01004294
797,S01004295
900,S01004296
713,S01004297
"1,640",S01004298
509,S01004299
569,S01004300
789,S01004301
684,S01004302
552,S01004303
796,S01004304
622,S01004305
579,S01004306
"1,043",S01004307
945,S01004308
910,S01004309
716,S01004310
"1,141",S01004311
660,S01004312
"1,355",S01004313
767,S01004314
477,S01004315
502,S01004316
"1,228",S01004317
528,S01004318
873,S01004319
814,S01004320
750,S01004321
956,S01004322
604,S01004323
748,S01004324
979,S01004325
825,S01004326
700,S01004327
600,S01004328
499,S01004329
"1,299",S01004330
577,S01004331
612,S01004332
558,S01004333
"1,569",S01004334
536,S01004335
"1,022",S01004336
759,S01004337
737,S01004338
950,S01004339
536,S01004340
544,S01004341
"1,494",S01004342
617,S01004343
726,S01004344
"1,158",S01004345
438,S01004346
869,S01004347
636,S01004348
769,S01004349
631,S01004350
523,S01004351
540,S01004352
833,S01004353
499,S01004354
528,S01004355
935,S01004356
800,S01004357
660,S01004358
508,S01004359
656,S01004360
822,S01004361
605,S01004362
963,S01004363
936,S01004364
654,S01004365
562,S01004366
744,S01004367
526,S01004368
683,S01004369
659,S01004370
740,S01004371
858,S01004372
609,S01004373
845,S01004374
604,S01004375
863,S01004376
710,S01004377
886,S01004378
873,S01004379
691,S01004380
769,S01004381
667,S01004382
788,S01004383
629,S01004384
700,S01004385
985,S01004386
931,S01004387
856,S01004388
583,S01004389
735,S01004390
554,S01004391
830,S01004392
888,S01004393
760,S01004394
584,S01004395
719,S01004396
863,S01004397
797,S01004398
446,S01004399
520,S01004400
996,S01004401
927,S01004402
466,S01004403
729,S01004404
750,S01004405
887,S01004406
669,S01004407
"1,689",S01004408
462,S01004409
"1,047",S01004410
518,S01004411
"1,076",S01004412
760,S01004413
679,S01004414
685,S01004415
751,S01004416
802,S01004417
851,S01004418
784,S01004419
712,S01004420
850,S01004421
569,S01004422
752,S01004423
664,S01004424
557,S01004425
520,S01004426
788,S01004427
799,S01004428
824,S01004429
499,S01004430
679,S01004431
"1,001",S01004432
871,S01004433
779,S01004434
869,S01004435
748,S01004436
833,S01004437
582,S01004438
656,S01004439
730,S01004440
"1,349",S01004441
815,S01004442
711,S01004443
889,S01004444
"1,009",S01004445
843,S01004446
710,S01004447
530,S01004448
862,S01004449
855,S01004450
833,S01004451
624,S01004452
927,S01004453
978,S01004454
844,S01004455
475,S01004456
851,S01004457
803,S01004458
549,S01004459
592,S01004460
593,S01004461
629,S01004462
731,S01004463
827,S01004464
696,S01004465
"1,037",S01004466
900,S01004467
845,S01004468
652,S01004469
730,S01004470
"2,267",S01004471
732,S01004472
"1,006",S01004473
983,S01004474
527,S01004475
726,S01004476
"1,056",S01004477
559,S01004478
685,S01004479
901,S01004480
802,S01004481
850,S01004482
602,S01004483
"1,007",S01004484
737,S01004485
961,S01004486
"1,031",S01004487
618,S01004488
900,S01004489
643,S01004490
790,S01004491
949,S01004492
981,S01004493
880,S01004494
624,S01004495
663,S01004496
820,S01004497
679,S01004498
642,S01004499
720,S01004500
716,S01004501
721,S01004502
649,S01004503
665,S01004504
594,S01004505
476,S01004506
706,S01004507
713,S01004508
"1,204",S01004509
861,S01004510
901,S01004511
842,S01004512
518,S01004513
556,S01004514
918,S01004515
481,S01004516
729,S01004517
644,S01004518
944,S01004519
810,S01004520
741,S01004521
825,S01004522
776,S01004523
584,S01004524
926,S01004525
679,S01004526
582,S01004527
730,S01004528
825,S01004529
525,S01004530
"1,075",S01004531
879,S01004532
454,S01004533
643,S01004534
850,S01004535
687,S01004536
802,S01004537
762,S01004538
771,S01004539
"1,227",S01004540
842,S01004541
819,S01004542
809,S01004543
"1,903",S01004544
746,S01004545
821,S01004546
810,S01004547
794,S01004548
"2,273",S01004549
647,S01004550
"1,782",S01004551
756,S01004552
528,S01004553
728,S01004554
621,S01004555
690,S01004556
494,S01004557
934,S01004558
973,S01004559
684,S01004560
969,S01004561
458,S01004562
852,S01004563
954,S01004564
857,S01004565
694,S01004566
473,S01004567
682,S01004568
740,S01004569
591,S01004570
597,S01004571
741,S01004572
582,S01004573
491,S01004574
672,S01004575
546,S01004576
621,S01004577
839,S01004578
595,S01004579
854,S01004580
"1,262",S01004581
530,S01004582
756,S01004583
811,S01004584
547,S01004585
"1,024",S01004586
"1,293",S01004587
659,S01004588
810,S01004589
855,S01004590
555,S01004591
622,S01004592
937,S01004593
503,S01004594
966,S01004595
712,S01004596
525,S01004597
632,S01004598
901,S01004599
863,S01004600
956,S01004601
850,S01004602
784,S01004603
588,S01004604
937,S01004605
781,S01004606
558,S01004607
"1,655",S01004608
573,S01004609
686,S01004610
"1,013",S01004611
"1,135",S01004612
"1,973",S01004613
744,S01004614
"1,147",S01004615
859,S01004616
693,S01004617
680,S01004618
541,S01004619
578,S01004620
859,S01004621
857,S01004622
"1,011",S01004623
"1,212",S01004624
804,S01004625
"2,086",S01004626
508,S01004627
506,S01004628
877,S01004629
860,S01004630
700,S01004631
"1,019",S01004632
566,S01004633
"1,144",S01004634
719,S01004635
647,S01004636
542,S01004637
508,S01004638
662,S01004639
760,S01004640
590,S01004641
803,S01004642
489,S01004643
705,S01004644
876,S01004645
766,S01004646
"1,699",S01004647
"1,137",S01004648
554,S01004649
789,S01004650
837,S01004651
985,S01004652
607,S01004653
944,S01004654
963,S01004655
559,S01004656
700,S01004657
926,S01004658
510,S01004659
789,S01004660
729,S01004661
976,S01004662
502,S01004663
634,S01004664
624,S01004665
740,S01004666
726,S01004667
875,S01004668
811,S01004669
"1,004",S01004670
828,S01004671
633,S01004672
900,S01004673
785,S01004674
871,S01004675
733,S01004676
897,S01004677
934,S01004678
461,S01004679
913,S01004680
841,S01004681
499,S01004682
668,S01004683
"1,494",S01004684
490,S01004685
732,S01004686
"1,072",S01004687
640,S01004688
952,S01004689
539,S01004690
738,S01004691
656,S01004692
681,S01004693
587,S01004694
757,S01004695
976,S01004696
814,S01004697
623,S01004698
767,S01004699
760,S01004700
809,S01004701
553,S01004702
912,S01004703
614,S01004704
905,S01004705
"1,729",S01004706
931,S01004707
637,S01004708
691,S01004709
909,S01004710
906,S01004711
488,S01004712
721,S01004713
770,S01004714
"1,702",S01004715
807,S01004716
920,S01004717
866,S01004718
998,S01004719
820,S01004720
540,S01004721
673,S01004722
554,S01004723
978,S01004724
654,S01004725
576,S01004726
773,S01004727
953,S01004728
636,S01004729
"1,429",S01004730
828,S01004731
713,S01004732
707,S01004733
502,S01004734
964,S01004735
752,S01004736
745,S01004737
653,S01004738
656,S01004739
788,S01004740
587,S01004741
"1,294",S01004742
855,S01004743
549,S01004744
944,S01004745
762,S01004746
675,S01004747
557,S01004748
"1,110",S01004749
657,S01004750
797,S01004751
835,S01004752
721,S01004753
642,S01004754
673,S01004755
611,S01004756
834,S01004757
883,S01004758
549,S01004759
751,S01004760
529,S01004761
605,S01004762
850,S01004763
742,S01004764
"1,483",S01004765
"1,541",S01004766
668,S01004767
903,S01004768
548,S01004769
520,S01004770
830,S01004771
578,S01004772
730,S01004773
918,S01004774
781,S01004775
706,S01004776
733,S01004777
685,S01004778
782,S01004779
516,S01004780
906,S01004781
"1,291",S01004782
912,S01004783
673,S01004784
585,S01004785
525,S01004786
"1,012",S01004787
700,S01004788
986,S01004789
694,S01004790
586,S01004791
593,S01004792
712,S01004793
684,S01004794
863,S01004795
746,S01004796
696,S01004797
854,S01004798
525,S01004799
641,S01004800
646,S01004801
801,S01004802
845,S01004803
842,S01004804
592,S01004805
606,S01004806
531,S01004807
697,S01004808
439,S01004809
571,S01004810
736,S01004811
841,S01004812
871,S01004813
818,S01004814
"1,987",S01004815
764,S01004816
660,S01004817
763,S01004818
650,S01004819
"1,065",S01004820
"1,985",S01004821
682,S01004822
899,S01004823
683,S01004824
567,S01004825
978,S01004826
608,S01004827
"1,163",S01004828
696,S01004829
724,S01004830
814,S01004831
"1,401",S01004832
825,S01004833
796,S01004834
820,S01004835
702,S01004836
885,S01004837
"1,926",S01004838
821,S01004839
925,S01004840
793,S01004841
"1,608",S01004842
626,S01004843
936,S01004844
691,S01004845
"1,402",S01004846
882,S01004847
737,S01004848
521,S01004849
"1,423",S01004850
622,S01004851
661,S01004852
718,S01004853
"1,151",S01004854
583,S01004855
"1,613",S01004856
876,S01004857
858,S01004858
911,S01004859
"1,432",S01004860
711,S01004861
617,S01004862
844,S01004863
501,S01004864
715,S01004865
870,S01004866
729,S01004867
721,S01004868
760,S01004869
819,S01004870
743,S01004871
789,S01004872
751,S01004873
"1,010",S01004874
655,S01004875
906,S01004876
692,S01004877
815,S01004878
634,S01004879
777,S01004880
754,S01004881
589,S01004882
"2,306",S01004883
562,S01004884
516,S01004885
873,S01004886
449,S01004887
642,S01004888
776,S01004889
775,S01004890
961,S01004891
666,S01004892
723,S01004893
797,S01004894
835,S01004895
861,S01004896
576,S01004897
906,S01004898
745,S01004899
939,S01004900
739,S01004901
656,S01004902
568,S01004903
825,S01004904
976,S01004905
799,S01004906
800,S01004907
607,S01004908
751,S01004909
817,S01004910
907,S01004911
715,S01004912
603,S01004913
660,S01004914
665,S01004915
697,S01004916
589,S01004917
641,S01004918
746,S01004919
867,S01004920
632,S01004921
652,S01004922
931,S01004923
777,S01004924
564,S01004925
878,S01004926
837,S01004927
"1,660",S01004928
643,S01004929
570,S01004930
954,S01004931
738,S01004932
842,S01004933
750,S01004934
565,S01004935
"1,027",S01004936
559,S01004937
708,S01004938
563,S01004939
509,S01004940
576,S01004941
889,S01004942
"1,065",S01004943
484,S01004944
747,S01004945
735,S01004946
782,S01004947
538,S01004948
706,S01004949
897,S01004950
662,S01004951
"1,081",S01004952
775,S01004953
676,S01004954
558,S01004955
858,S01004956
871,S01004957
"1,253",S01004958
676,S01004959
513,S01004960
648,S01004961
711,S01004962
703,S01004963
"1,107",S01004964
968,S01004965
"1,000",S01004966
769,S01004967
586,S01004968
908,S01004969
799,S01004970
993,S01004971
797,S01004972
949,S01004973
"1,224",S01004974
788,S01004975
974,S01004976
971,S01004977
"1,044",S01004978
857,S01004979
987,S01004980
"1,082",S01004981
663,S01004982
951,S01004983
837,S01004984
893,S01004985
756,S01004986
512,S01004987
531,S01004988
820,S01004989
594,S01004990
609,S01004991
815,S01004992
688,S01004993
777,S01004994
"1,049",S01004995
717,S01004996
951,S01004997
"1,235",S01004998
930,S01004999
551,S01005000
"1,268",S01005001
870,S01005002
"1,082",S01005003
941,S01005004
969,S01005005
782,S01005006
833,S01005007
"1,379",S01005008
"1,029",S01005009
697,S01005010
883,S01005011
885,S01005012
808,S01005013
905,S01005014
548,S01005015
920,S01005016
734,S01005017
566,S01005018
"1,239",S01005019
855,S01005020
860,S01005021
688,S01005022
897,S01005023
928,S01005024
698,S01005025
678,S01005026
768,S01005027
891,S01005028
989,S01005029
"1,025",S01005030
671,S01005031
886,S01005032
754,S01005033
751,S01005034
"1,025",S01005035
652,S01005036
"1,097",S01005037
806,S01005038
"1,062",S01005039
"1,089",S01005040
718,S01005041
790,S01005042
748,S01005043
952,S01005044
983,S01005045
"1,268",S01005046
"1,495",S01005047
621,S01005048
815,S01005049
878,S01005050
825,S01005051
957,S01005052
886,S01005053
612,S01005054
821,S01005055
780,S01005056
661,S01005057
994,S01005058
515,S01005059
717,S01005060
"1,123",S01005061
473,S01005062
538,S01005063
771,S01005064
"1,309",S01005065
793,S01005066
786,S01005067
639,S01005068
617,S01005069
"1,126",S01005070
195,S01005071
602,S01005072
725,S01005073
"1,276",S01005074
584,S01005075
712,S01005076
"1,090",S01005077
708,S01005078
645,S01005079
489,S01005080
650,S01005081
650,S01005082
973,S01005083
624,S01005084
531,S01005085
"1,708",S01005086
498,S01005087
668,S01005088
729,S01005089
843,S01005090
619,S01005091
654,S01005092
682,S01005093
868,S01005094
"1,657",S01005095
782,S01005096
855,S01005097
770,S01005098
769,S01005099
894,S01005100
961,S01005101
932,S01005102
"1,222",S01005103
"1,092",S01005104
833,S01005105
498,S01005106
558,S01005107
650,S01005108
"1,468",S01005109
"1,067",S01005110
581,S01005111
841,S01005112
992,S01005113
977,S01005114
"1,047",S01005115
616,S01005116
"1,030",S01005117
773,S01005118
788,S01005119
660,S01005120
"1,082",S01005121
875,S01005122
775,S01005123
705,S01005124
834,S01005125
619,S01005126
646,S01005127
977,S01005128
926,S01005129
627,S01005130
"1,009",S01005131
755,S01005132
425,S01005133
997,S01005134
756,S01005135
820,S01005136
882,S01005137
"1,125",S01005138
677,S01005139
564,S01005140
884,S01005141
646,S01005142
"1,018",S01005143
"1,295",S01005144
739,S01005145
759,S01005146
923,S01005147
884,S01005148
583,S01005149
668,S01005150
663,S01005151
"1,651",S01005152
882,S01005153
596,S01005154
684,S01005155
667,S01005156
823,S01005157
673,S01005158
898,S01005159
"1,026",S01005160
"1,056",S01005161
932,S01005162
613,S01005163
873,S01005164
710,S01005165
990,S01005166
629,S01005167
734,S01005168
576,S01005169
759,S01005170
884,S01005171
"1,783",S01005172
686,S01005173
661,S01005174
821,S01005175
619,S01005176
796,S01005177
900,S01005178
935,S01005179
812,S01005180
894,S01005181
741,S01005182
815,S01005183
845,S01005184
491,S01005185
753,S01005186
975,S01005187
879,S01005188
879,S01005189
893,S01005190
890,S01005191
"1,089",S01005192
780,S01005193
582,S01005194
899,S01005195
822,S01005196
685,S01005197
813,S01005198
741,S01005199
529,S01005200
891,S01005201
871,S01005202
842,S01005203
486,S01005204
"1,127",S01005205
914,S01005206
881,S01005207
578,S01005208
857,S01005209
915,S01005210
688,S01005211
583,S01005212
905,S01005213
921,S01005214
939,S01005215
717,S01005216
997,S01005217
905,S01005218
"1,042",S01005219
657,S01005220
618,S01005221
539,S01005222
708,S01005223
699,S01005224
920,S01005225
499,S01005226
"1,018",S01005227
"1,076",S01005228
"1,118",S01005229
794,S01005230
741,S01005231
"1,118",S01005232
748,S01005233
"1,337",S01005234
719,S01005235
"1,145",S01005236
956,S01005237
794,S01005238
991,S01005239
797,S01005240
944,S01005241
"1,058",S01005242
"1,082",S01005243
962,S01005244
809,S01005245
812,S01005246
679,S01005247
707,S01005248
990,S01005249
842,S01005250
820,S01005251
460,S01005252
562,S01005253
826,S01005254
675,S01005255
812,S01005256
958,S01005257
969,S01005258
610,S01005259
603,S01005260
586,S01005261
"1,039",S01005262
546,S01005263
620,S01005264
449,S01005265
833,S01005266
"1,043",S01005267
"1,269",S01005268
849,S01005269
"1,027",S01005270
532,S01005271
519,S01005272
762,S01005273
746,S01005274
536,S01005275
717,S01005276
589,S01005277
797,S01005278
534,S01005279
702,S01005280
825,S01005281
726,S01005282
757,S01005283
658,S01005284
677,S01005285
730,S01005286
"1,079",S01005287
783,S01005288
"1,121",S01005289
611,S01005290
681,S01005291
768,S01005292
720,S01005293
594,S01005294
589,S01005295
795,S01005296
689,S01005297
"1,073",S01005298
468,S01005299
928,S01005300
849,S01005301
923,S01005302
823,S01005303
674,S01005304
761,S01005305
993,S01005306
945,S01005307
490,S01005308
877,S01005309
968,S01005310
837,S01005311
"1,211",S01005312
803,S01005313
450,S01005314
965,S01005315
843,S01005316
482,S01005317
567,S01005318
601,S01005319
650,S01005320
576,S01005321
"1,861",S01005322
664,S01005323
849,S01005324
"2,636",S01005325
915,S01005326
582,S01005327
740,S01005328
670,S01005329
715,S01005330
641,S01005331
581,S01005332
759,S01005333
"1,176",S01005334
484,S01005335
592,S01005336
826,S01005337
549,S01005338
760,S01005339
552,S01005340
659,S01005341
723,S01005342
940,S01005343
694,S01005344
744,S01005345
763,S01005346
676,S01005347
920,S01005348
850,S01005349
694,S01005350
"1,397",S01005351
925,S01005352
"1,021",S01005353
806,S01005354
891,S01005355
664,S01005356
761,S01005357
786,S01005358
810,S01005359
771,S01005360
905,S01005361
770,S01005362
714,S01005363
950,S01005364
880,S01005365
666,S01005366
780,S01005367
692,S01005368
895,S01005369
822,S01005370
913,S01005371
809,S01005372
744,S01005373
860,S01005374
938,S01005375
914,S01005376
835,S01005377
736,S01005378
920,S01005379
682,S01005380
656,S01005381
834,S01005382
647,S01005383
976,S01005384
957,S01005385
625,S01005386
889,S01005387
747,S01005388
752,S01005389
835,S01005390
736,S01005391
885,S01005392
"1,001",S01005393
882,S01005394
"1,049",S01005395
727,S01005396
569,S01005397
947,S01005398
926,S01005399
"1,008",S01005400
879,S01005401
"1,006",S01005402
842,S01005403
966,S01005404
524,S01005405
514,S01005406
"1,475",S01005407
650,S01005408
653,S01005409
"1,100",S01005410
971,S01005411
"1,005",S01005412
882,S01005413
"1,026",S01005414
870,S01005415
988,S01005416
"1,257",S01005417
"1,195",S01005418
665,S01005419
778,S01005420
819,S01005421
919,S01005422
985,S01005423
865,S01005424
907,S01005425
775,S01005426
744,S01005427
"1,012",S01005428
672,S01005429
546,S01005430
737,S01005431
698,S01005432
779,S01005433
829,S01005434
"1,095",S01005435
984,S01005436
898,S01005437
763,S01005438
714,S01005439
"1,422",S01005440
"1,029",S01005441
"2,285",S01005442
"1,122",S01005443
"1,425",S01005444
994,S01005445
780,S01005446
915,S01005447
859,S01005448
"1,069",S01005449
"1,033",S01005450
957,S01005451
923,S01005452
831,S01005453
908,S01005454
831,S01005455
861,S01005456
893,S01005457
761,S01005458
879,S01005459
882,S01005460
808,S01005461
"1,057",S01005462
604,S01005463
641,S01005464
632,S01005465
"1,172",S01005466
498,S01005467
976,S01005468
905,S01005469
664,S01005470
796,S01005471
"1,490",S01005472
999,S01005473
855,S01005474
940,S01005475
"1,108",S01005476
847,S01005477
742,S01005478
619,S01005479
"1,169",S01005480
633,S01005481
683,S01005482
"1,065",S01005483
562,S01005484
805,S01005485
819,S01005486
727,S01005487
801,S01005488
962,S01005489
560,S01005490
917,S01005491
914,S01005492
718,S01005493
946,S01005494
769,S01005495
"1,006",S01005496
907,S01005497
874,S01005498
654,S01005499
708,S01005500
"1,099",S01005501
818,S01005502
586,S01005503
695,S01005504
654,S01005505
836,S01005506
567,S01005507
659,S01005508
773,S01005509
776,S01005510
659,S01005511
703,S01005512
836,S01005513
629,S01005514
604,S01005515
558,S01005516
896,S01005517
"1,066",S01005518
648,S01005519
972,S01005520
670,S01005521
579,S01005522
787,S01005523
853,S01005524
643,S01005525
659,S01005526
471,S01005527
564,S01005528
945,S01005529
593,S01005530
578,S01005531
864,S01005532
678,S01005533
568,S01005534
822,S01005535
848,S01005536
745,S01005537
791,S01005538
844,S01005539
731,S01005540
640,S01005541
719,S01005542
751,S01005543
723,S01005544
"1,230",S01005545
785,S01005546
"1,060",S01005547
"1,399",S01005548
"1,549",S01005549
632,S01005550
797,S01005551
790,S01005552
820,S01005553
656,S01005554
842,S01005555
587,S01005556
653,S01005557
716,S01005558
614,S01005559
559,S01005560
785,S01005561
934,S01005562
734,S01005563
852,S01005564
532,S01005565
495,S01005566
968,S01005567
509,S01005568
741,S01005569
761,S01005570
663,S01005571
770,S01005572
699,S01005573
865,S01005574
682,S01005575
773,S01005576
845,S01005577
948,S01005578
953,S01005579
665,S01005580
674,S01005581
849,S01005582
657,S01005583
571,S01005584
892,S01005585
765,S01005586
"1,070",S01005587
638,S01005588
"1,353",S01005589
752,S01005590
934,S01005591
443,S01005592
776,S01005593
"1,000",S01005594
876,S01005595
484,S01005596
"1,103",S01005597
"1,029",S01005598
595,S01005599
882,S01005600
679,S01005601
604,S01005602
863,S01005603
391,S01005604
882,S01005605
633,S01005606
559,S01005607
972,S01005608
948,S01005609
538,S01005610
714,S01005611
794,S01005612
810,S01005613
793,S01005614
930,S01005615
652,S01005616
747,S01005617
608,S01005618
550,S01005619
473,S01005620
644,S01005621
864,S01005622
732,S01005623
859,S01005624
870,S01005625
811,S01005626
615,S01005627
"1,189",S01005628
752,S01005629
507,S01005630
720,S01005631
502,S01005632
771,S01005633
744,S01005634
792,S01005635
803,S01005636
"1,245",S01005637
908,S01005638
700,S01005639
729,S01005640
"1,123",S01005641
817,S01005642
622,S01005643
581,S01005644
840,S01005645
700,S01005646
769,S01005647
896,S01005648
"1,045",S01005649
536,S01005650
732,S01005651
735,S01005652
827,S01005653
755,S01005654
"1,177",S01005655
737,S01005656
577,S01005657
807,S01005658
834,S01005659
540,S01005660
632,S01005661
530,S01005662
655,S01005663
535,S01005664
445,S01005665
"1,352",S01005666
736,S01005667
816,S01005668
590,S01005669
632,S01005670
478,S01005671
761,S01005672
629,S01005673
850,S01005674
882,S01005675
770,S01005676
884,S01005677
925,S01005678
"1,233",S01005679
856,S01005680
"1,027",S01005681
748,S01005682
788,S01005683
"1,163",S01005684
847,S01005685
823,S01005686
802,S01005687
921,S01005688
497,S01005689
839,S01005690
733,S01005691
680,S01005692
"1,730",S01005693
537,S01005694
535,S01005695
598,S01005696
620,S01005697
575,S01005698
846,S01005699
549,S01005700
686,S01005701
637,S01005702
586,S01005703
637,S01005704
946,S01005705
730,S01005706
563,S01005707
710,S01005708
800,S01005709
452,S01005710
933,S01005711
506,S01005712
584,S01005713
"1,289",S01005714
741,S01005715
524,S01005716
474,S01005717
800,S01005718
514,S01005719
758,S01005720
713,S01005721
530,S01005722
702,S01005723
600,S01005724
680,S01005725
"1,173",S01005726
"1,503",S01005727
857,S01005728
577,S01005729
672,S01005730
718,S01005731
867,S01005732
864,S01005733
695,S01005734
762,S01005735
742,S01005736
710,S01005737
932,S01005738
922,S01005739
734,S01005740
969,S01005741
"1,001",S01005742
"1,190",S01005743
865,S01005744
"1,148",S01005745
801,S01005746
821,S01005747
664,S01005748
724,S01005749
738,S01005750
717,S01005751
668,S01005752
673,S01005753
"1,001",S01005754
741,S01005755
838,S01005756
574,S01005757
775,S01005758
790,S01005759
585,S01005760
711,S01005761
647,S01005762
"2,921",S01005763
558,S01005764
943,S01005765
630,S01005766
612,S01005767
833,S01005768
735,S01005769
581,S01005770
704,S01005771
681,S01005772
879,S01005773
625,S01005774
730,S01005775
673,S01005776
509,S01005777
629,S01005778
774,S01005779
"1,431",S01005780
984,S01005781
809,S01005782
505,S01005783
830,S01005784
730,S01005785
580,S01005786
900,S01005787
549,S01005788
765,S01005789
480,S01005790
437,S01005791
811,S01005792
523,S01005793
978,S01005794
602,S01005795
"1,216",S01005796
"1,085",S01005797
581,S01005798
733,S01005799
634,S01005800
631,S01005801
901,S01005802
779,S01005803
"4,103",S01005804
601,S01005805
796,S01005806
796,S01005807
683,S01005808
651,S01005809
475,S01005810
523,S01005811
611,S01005812
788,S01005813
754,S01005814
"1,176",S01005815
"1,029",S01005816
516,S01005817
736,S01005818
698,S01005819
666,S01005820
482,S01005821
780,S01005822
564,S01005823
671,S01005824
639,S01005825
868,S01005826
656,S01005827
765,S01005828
709,S01005829
821,S01005830
"1,375",S01005831
704,S01005832
642,S01005833
636,S01005834
614,S01005835
615,S01005836
461,S01005837
673,S01005838
793,S01005839
794,S01005840
623,S01005841
525,S01005842
611,S01005843
710,S01005844
493,S01005845
865,S01005846
789,S01005847
542,S01005848
810,S01005849
752,S01005850
665,S01005851
476,S01005852
"1,000",S01005853
775,S01005854
847,S01005855
749,S01005856
706,S01005857
660,S01005858
686,S01005859
826,S01005860
853,S01005861
750,S01005862
"1,550",S01005863
885,S01005864
772,S01005865
830,S01005866
916,S01005867
722,S01005868
697,S01005869
703,S01005870
680,S01005871
746,S01005872
965,S01005873
764,S01005874
808,S01005875
777,S01005876
873,S01005877
544,S01005878
646,S01005879
740,S01005880
793,S01005881
"1,816",S01005882
452,S01005883
799,S01005884
556,S01005885
659,S01005886
486,S01005887
625,S01005888
857,S01005889
642,S01005890
592,S01005891
685,S01005892
703,S01005893
767,S01005894
564,S01005895
886,S01005896
706,S01005897
664,S01005898
712,S01005899
636,S01005900
771,S01005901
818,S01005902
"1,011",S01005903
"1,238",S01005904
750,S01005905
891,S01005906
786,S01005907
917,S01005908
502,S01005909
695,S01005910
"1,442",S01005911
765,S01005912
831,S01005913
931,S01005914
667,S01005915
752,S01005916
872,S01005917
882,S01005918
506,S01005919
818,S01005920
647,S01005921
896,S01005922
697,S01005923
637,S01005924
682,S01005925
"1,010",S01005926
695,S01005927
735,S01005928
759,S01005929
"1,022",S01005930
720,S01005931
611,S01005932
876,S01005933
679,S01005934
576,S01005935
804,S01005936
608,S01005937
759,S01005938
677,S01005939
809,S01005940
438,S01005941
877,S01005942
816,S01005943
920,S01005944
788,S01005945
871,S01005946
697,S01005947
811,S01005948
619,S01005949
537,S01005950
"1,203",S01005951
"1,161",S01005952
"1,294",S01005953
551,S01005954
672,S01005955
733,S01005956
"1,018",S01005957
550,S01005958
510,S01005959
453,S01005960
"1,168",S01005961
468,S01005962
583,S01005963
727,S01005964
937,S01005965
"1,406",S01005966
975,S01005967
"1,264",S01005968
670,S01005969
741,S01005970
414,S01005971
765,S01005972
847,S01005973
753,S01005974
660,S01005975
765,S01005976
702,S01005977
686,S01005978
811,S01005979
560,S01005980
950,S01005981
765,S01005982
775,S01005983
896,S01005984
762,S01005985
"1,152",S01005986
522,S01005987
560,S01005988
643,S01005989
"1,481",S01005990
707,S01005991
517,S01005992
649,S01005993
888,S01005994
622,S01005995
881,S01005996
550,S01005997
663,S01005998
"1,487",S01005999
814,S01006000
756,S01006001
491,S01006002
607,S01006003
"1,403",S01006004
508,S01006005
774,S01006006
464,S01006007
757,S01006008
459,S01006009
962,S01006010
739,S01006011
765,S01006012
536,S01006013
655,S01006014
708,S01006015
"1,035",S01006016
"1,313",S01006017
890,S01006018
"1,348",S01006019
838,S01006020
"1,084",S01006021
545,S01006022
687,S01006023
760,S01006024
853,S01006025
720,S01006026
700,S01006027
620,S01006028
743,S01006029
875,S01006030
"1,465",S01006031
925,S01006032
"1,465",S01006033
"1,755",S01006034
909,S01006035
"2,773",S01006036
799,S01006037
816,S01006038
816,S01006039
818,S01006040
920,S01006041
795,S01006042
550,S01006043
"1,090",S01006044
650,S01006045
727,S01006046
744,S01006047
715,S01006048
750,S01006049
766,S01006050
776,S01006051
775,S01006052
746,S01006053
657,S01006054
618,S01006055
837,S01006056
526,S01006057
700,S01006058
838,S01006059
684,S01006060
571,S01006061
628,S01006062
551,S01006063
709,S01006064
755,S01006065
"1,089",S01006066
973,S01006067
577,S01006068
790,S01006069
655,S01006070
867,S01006071
661,S01006072
504,S01006073
713,S01006074
"1,013",S01006075
961,S01006076
"1,318",S01006077
"1,443",S01006078
717,S01006079
"1,043",S01006080
667,S01006081
856,S01006082
"1,086",S01006083
818,S01006084
723,S01006085
951,S01006086
737,S01006087
770,S01006088
723,S01006089
822,S01006090
867,S01006091
558,S01006092
801,S01006093
815,S01006094
898,S01006095
579,S01006096
914,S01006097
706,S01006098
543,S01006099
437,S01006100
582,S01006101
836,S01006102
619,S01006103
741,S01006104
"1,014",S01006105
845,S01006106
719,S01006107
854,S01006108
787,S01006109
760,S01006110
980,S01006111
679,S01006112
943,S01006113
692,S01006114
818,S01006115
868,S01006116
863,S01006117
653,S01006118
"1,111",S01006119
990,S01006120
636,S01006121
"1,177",S01006122
740,S01006123
612,S01006124
972,S01006125
806,S01006126
701,S01006127
833,S01006128
720,S01006129
456,S01006130
946,S01006131
744,S01006132
619,S01006133
479,S01006134
517,S01006135
"1,208",S01006136
854,S01006137
855,S01006138
485,S01006139
845,S01006140
"1,917",S01006141
551,S01006142
739,S01006143
978,S01006144
"1,086",S01006145
866,S01006146
869,S01006147
797,S01006148
"1,067",S01006149
934,S01006150
"2,209",S01006151
685,S01006152
612,S01006153
861,S01006154
775,S01006155
589,S01006156
765,S01006157
889,S01006158
804,S01006159
784,S01006160
783,S01006161
623,S01006162
763,S01006163
667,S01006164
890,S01006165
"1,045",S01006166
"1,786",S01006167
"1,043",S01006168
927,S01006169
900,S01006170
852,S01006171
474,S01006172
630,S01006173
606,S01006174
744,S01006175
685,S01006176
518,S01006177
811,S01006178
742,S01006179
759,S01006180
860,S01006181
614,S01006182
770,S01006183
732,S01006184
903,S01006185
"1,102",S01006186
764,S01006187
637,S01006188
666,S01006189
848,S01006190
577,S01006191
582,S01006192
935,S01006193
848,S01006194
883,S01006195
819,S01006196
805,S01006197
586,S01006198
704,S01006199
886,S01006200
954,S01006201
602,S01006202
581,S01006203
887,S01006204
670,S01006205
740,S01006206
852,S01006207
690,S01006208
687,S01006209
762,S01006210
501,S01006211
787,S01006212
"1,013",S01006213
852,S01006214
773,S01006215
652,S01006216
944,S01006217
559,S01006218
890,S01006219
840,S01006220
803,S01006221
"1,051",S01006222
678,S01006223
623,S01006224
896,S01006225
671,S01006226
840,S01006227
706,S01006228
911,S01006229
958,S01006230
867,S01006231
"1,187",S01006232
730,S01006233
724,S01006234
707,S01006235
573,S01006236
944,S01006237
971,S01006238
407,S01006239
712,S01006240
"1,017",S01006241
697,S01006242
624,S01006243
776,S01006244
548,S01006245
684,S01006246
767,S01006247
812,S01006248
682,S01006249
675,S01006250
551,S01006251
632,S01006252
568,S01006253
773,S01006254
965,S01006255
538,S01006256
972,S01006257
691,S01006258
663,S01006259
535,S01006260
785,S01006261
845,S01006262
"1,052",S01006263
886,S01006264
710,S01006265
881,S01006266
565,S01006267
663,S01006268
591,S01006269
914,S01006270
673,S01006271
838,S01006272
505,S01006273
534,S01006274
771,S01006275
739,S01006276
664,S01006277
"1,040",S01006278
"1,291",S01006279
737,S01006280
675,S01006281
642,S01006282
662,S01006283
750,S01006284
836,S01006285
"1,064",S01006286
525,S01006287
866,S01006288
811,S01006289
829,S01006290
541,S01006291
781,S01006292
811,S01006293
617,S01006294
882,S01006295
976,S01006296
678,S01006297
985,S01006298
782,S01006299
776,S01006300
605,S01006301
932,S01006302
636,S01006303
840,S01006304
686,S01006305
730,S01006306
962,S01006307
622,S01006308
"1,033",S01006309
770,S01006310
725,S01006311
"1,235",S01006312
"1,452",S01006313
633,S01006314
826,S01006315
791,S01006316
932,S01006317
739,S01006318
958,S01006319
977,S01006320
813,S01006321
823,S01006322
"1,047",S01006323
696,S01006324
658,S01006325
929,S01006326
545,S01006327
603,S01006328
"1,147",S01006329
700,S01006330
663,S01006331
593,S01006332
836,S01006333
793,S01006334
763,S01006335
"1,285",S01006336
"1,360",S01006337
761,S01006338
979,S01006339
702,S01006340
720,S01006341
681,S01006342
"1,320",S01006343
683,S01006344
695,S01006345
600,S01006346
564,S01006347
572,S01006348
480,S01006349
650,S01006350
"1,308",S01006351
688,S01006352
586,S01006353
924,S01006354
725,S01006355
678,S01006356
737,S01006357
650,S01006358
"1,083",S01006359
647,S01006360
"1,148",S01006361
775,S01006362
642,S01006363
"5,139",S01006364
889,S01006365
668,S01006366
724,S01006367
776,S01006368
"1,815",S01006369
"1,073",S01006370
557,S01006371
685,S01006372
809,S01006373
734,S01006374
651,S01006375
"1,052",S01006376
597,S01006377
502,S01006378
691,S01006379
672,S01006380
509,S01006381
703,S01006382
621,S01006383
676,S01006384
969,S01006385
948,S01006386
855,S01006387
"1,037",S01006388
680,S01006389
684,S01006390
"1,173",S01006391
929,S01006392
"1,474",S01006393
711,S01006394
"1,113",S01006395
621,S01006396
897,S01006397
854,S01006398
729,S01006399
"1,360",S01006400
"1,173",S01006401
719,S01006402
742,S01006403
876,S01006404
"1,031",S01006405
449,S01006406
617,S01006407
"1,070",S01006408
"1,423",S01006409
701,S01006410
"1,216",S01006411
677,S01006412
475,S01006413
467,S01006414
853,S01006415
846,S01006416
768,S01006417
673,S01006418
510,S01006419
809,S01006420
763,S01006421
653,S01006422
657,S01006423
616,S01006424
"1,417",S01006425
"1,331",S01006426
766,S01006427
816,S01006428
713,S01006429
682,S01006430
495,S01006431
699,S01006432
627,S01006433
757,S01006434
468,S01006435
830,S01006436
893,S01006437
638,S01006438
858,S01006439
764,S01006440
648,S01006441
776,S01006442
437,S01006443
630,S01006444
747,S01006445
820,S01006446
570,S01006447
830,S01006448
455,S01006449
667,S01006450
"1,089",S01006451
560,S01006452
962,S01006453
557,S01006454
553,S01006455
"2,078",S01006456
"1,039",S01006457
960,S01006458
813,S01006459
475,S01006460
"1,841",S01006461
729,S01006462
707,S01006463
626,S01006464
"1,522",S01006465
690,S01006466
778,S01006467
"1,239",S01006468
588,S01006469
891,S01006470
884,S01006471
602,S01006472
806,S01006473
788,S01006474
847,S01006475
858,S01006476
781,S01006477
"1,127",S01006478
751,S01006479
859,S01006480
924,S01006481
708,S01006482
877,S01006483
751,S01006484
652,S01006485
788,S01006486
686,S01006487
714,S01006488
880,S01006489
714,S01006490
707,S01006491
640,S01006492
571,S01006493
659,S01006494
786,S01006495
945,S01006496
565,S01006497
"1,233",S01006498
872,S01006499
682,S01006500
843,S01006501
600,S01006502
612,S01006503
769,S01006504
852,S01006505
